品牌,商品,价格,购买人数
GlobalEshop海外旗舰店,中老年奶粉蛋白质粉增强提高老年人蛋白免疫力粉营养品官方旗舰店,144,9
天猫超市,汤臣倍健蛋白粉营养蛋白质粉增强免疫力老年人女性官方店正品300g,269,11
keep食品旗舰店,Keep运动蛋白粉分离乳清蛋白质健身健康增肌形营养塑肌肉瘦奶茶味,152,24
御济堂大药房旗舰店,Swisse斯维诗乳清蛋白粉营养蛋白质粉中老年人免疫力官方旗舰cs,155,27
GLGFAS海外旗舰店,GLGFAS乳清蛋白补充营养粉美国进口中老年人术后恢复放化疗免疫力,123,33
Maxines海外旗舰店,maxines乳清蛋白粉女性蛋白质粉代餐澳洲whey分离蛋白营养粉,229,50
大牌营养食品店,Swisse斯维诗蛋白粉乳清蛋白质粉女性健身增肌中老年强免疫力营养,155,50
康恩贝官方旗舰店,康恩贝分离乳清蛋白粉蛋白质粉女性健身营养补品官方旗舰店正品,89,50
三得利健康海外旗舰店,口服美白三得利进口胶原蛋白肽粉蜜露珂娜内服高浓度抗糖饮小分子,350,50
天天特卖工厂店,买1送1白云山星群增强蛋白质粉中老年人免疫力女性蛋白粉奶粉营养,41,50
熙运医疗器械专营店,极美刻育卵素复合高蛋白营养蛋白粉卵巢高龄自然指导备孕维生素,478,50
云购直销保健品生活馆,正品纽崔莱官网官方旗舰店蛋白营养粉青少年 孕妇 中老年蛋白质粉,285,50
DGI食品旗舰店,愈素匀浆膳蛋白粉低gi代餐管鼻饲流食口服肠内营养膳食补充剂老人,89,51
KatsuoStamina旗舰店,肌鲣强蛋白摇运动代餐粉便携健身乳清蛋白粉能量饱腹奶昔营养粉,9,51
orgain海外旗舰店,【囤货2罐】Orgain傲感草饲牛胶原蛋白肽粉水解小分子精华冲剂,519,51
安安优选生活馆,6667美乐家熊宝宝蛋白粉—草莓味 美乐家儿童草莓蛋白粉450克,86,51
北欧海盗旗舰店,北欧海盗bcaa支链氨基酸肌酸谷酰胺氮泵健身补剂蛋白非促睾增肌粉,187,51
兵王的补剂营,肌肉博士金分离ISOLATE乳清蛋白质粉运动增肌蛋白粉4磅,129,51
常颐生旗舰店,北京同仁堂蛋白质粉增强免疫力成人中老年女性乳清大豆动植物礼盒,107,51
大毛猪正品补剂护具放心店,ALLMAX ISONATURAL 奥迈格司纯天然白桶分离乳清代餐增肌蛋白粉,368,51
归存堂旗舰店,钙铁锌蛋白质粉中老年人搭无糖增强营养免疫力补品官方旗舰店正品,98,51
好品堂官方企业店,dha牛磺酸蛋白质粉儿童记忆力青少年学生奶粉增强营养品蛋白粉,68,51
好万家大药房旗舰店,珍贵全蛋白粉10克/袋*40小袋/罐包邮蛋白粉400克,258,51
活力达旗舰店,活力达胶原蛋白液态饮正品精华粉小分子补充鱼胶原肽口服液态饮,99,51
佳莱福保健食品旗舰店,钙铁锌牛初乳蛋白质粉可搭长高儿童奶粉增强学生免疫力乳清蛋白粉,69,51
辽小辽的店,原装进口匈牙利vitaltrend胶原蛋白肽粉弹性蛋白500g,409,51
每益佳临床营养服务中心,【多盒优惠】浦索特殊医学用途蛋白质组件配方粉蛋白粉蛋白质粉,148,51
诺特兰德冠瑞特专卖店,诺特兰德蛋白粉营养粉植物蛋白质粉乳清营养官方旗舰店正品,39,51
亲亲严选店,英贝健蛋白质粉官方旗舰店牛初乳益生菌蛋白粉1000g儿童成人男女,69,51
若海保健品专营店,多合猴头菇乳清蛋白质粉运动健身男女通用补充身体营养蛋白营养粉,128,51
膳力达橙倍康正品店,膳力达德国动植物复合蛋白质粉分离乳清病后急恢复营养补品送老人,428,51
唐氏盛泰保健食品专营店,百庆祥多营养素蛋白粉无蔗糖高钙氨基酸成老人免疫球蛋白质粉增强,158,51
天猫超市,Swisse斯维诗乳清蛋白粉+泡腾片450g*1罐+4g*20片蛋白质维生素,299,51
天猫超市,康恩贝 蛋白粉中老年营养乳清蛋白增强免疫健身保健过年送礼400g,59,51
天猫超市,汤臣倍健健乐多分离乳清蛋白粉运动健身增肌男女高蛋白营养粉低脂,638,51
天猫超市,同仁堂时光营养随身包15袋女士综合补充烟酰胺胶原蛋白粉维生素片,69,51
小可爱直销企业店,安利纽崔莱蛋白质粉安利儿童高蛋白饮品植物多维钙质蛋白质营养粉,290,51
正品保婴直销,葆婴大豆蛋白粉优莎娜蛋白质粉大豆蛋白粉USANA葆苾康官网正品,215,51
正品维生素直卖店,白云山敬修堂人参虫草乳清蛋白质粉营养液无蔗糖官方正品旗舰店,21,51
KEEPMOMENT旗舰店,Keep  Moment分离乳清88高蛋白4磅分离抹茶新冰乐KM热练系列,279,52
阿花美式生活馆,保税仓发货VEL挪威胶原蛋白肽粉深海鳕鱼胶原小分子水解精华30条,299,52
阿里健康大药房海外店,NUTREND欧洲进口诺特兰德分离乳清蛋白粉2.25kg健身男女蛋白粉5磅,398,52
奥健补剂,马泰时刻乳清蛋白粉 增肌健身蛋白质营养粉熊猫非临期捡漏特价,85,52
豹哥的补剂店,豹哥补剂 肌肉科技纯乳清蛋白粉增肌粉 健身男瘦人增肥增重5磅7磅,235,52
丰禾力健食品专营店,美国UN分离乳清蛋白质粉运动粉健身肌ISO纯分离进口营养蛋白粉5磅,239,52
海南华研厂家直售,海南华研多重弹性蛋白紧致肌肤三型胶原蛋白肽粉无添加纯原料粉,429,52
汗宇正品运动补剂店高端品,紫光优健POWERBUFF5磅乳清蛋白质粉炽炼系列三重矩阵分离浓缩水解,299,52
汗宇正品运动补剂店高端品,VIKING北欧海盗帝国乳清蛋白粉分离乳清增重增肌粉健身健肌粉5磅,283,52
河南维润生物科技,法国罗塞洛鱼胶原蛋白肽粉正品进口原粉深海鳕鱼皮提取小分子多肽,23,52
华药耀佳旗舰店,华北制药植物蛋白质粉600g中老年补品增强营养正品无糖蛋白粉,24,52
环球优品健身补给,诺特兰德牛肉蛋白粉5磅水解牛肉分离蛋白乳清增肌运动营养粉健身,189,52
肌肉博士运动营养,肌肉博士分离乳清蛋白增肌粉4磅蛋白粉低脂蛋白质粉运动健身补剂,299,52
康恩贝提橙专卖店,康恩贝蛋白质粉增强免疫力无糖乳清蛋白粉中老年人学生成人营养粉,104,52
南京同仁堂 官 网 店铺,南京同仁堂营养蛋白质粉无糖增强成人免疫力官方中老年旗舰店正品,42,52
倪氏永恒健康食品,2罐价美莱健营养蛋白质粉固体饮料1千克,80,52
妞妞的零食铺,【拍1发6】益生菌高钙驼奶蛋白粉全家适用【南京同仁堂绿金家园】,36,52
祺商保健食品折扣店,汤臣I倍健蛋白质粉600礼盒装青少年官网正品官方旗舰店学生营养粉,186,52
芊彤营养美妆店,美国安利蛋白质粉纽崔莱植物蛋白质粉儿童中老年增强免疫低脂,180,52
人人关注胃肠营养,沛可匀浆膳低蛋白型 改善肾功能营养粉管饲鼻饲中老年人代餐食品,45,52
汤臣倍健乐力店,两罐汤臣倍健蛋白粉450g成人中老年免疫力低下双蛋白营养蛋白质粉,310,52
天猫国际自营全球超级店,【自营】肌肉科技六星增肌粉益生菌瘦人增重增肌健身男乳清蛋白,71,52
鑫时代健身补剂,英国奥博力浓缩乳清蛋白粉冷滤微化蛋白0糖0脂【2024年5月到期】,65,52
亦舒堂旗舰店,豌胶饮蛋白粉旗舰店豌豆蛋白质粉中老年人成人儿童学生植物营养粉,168,52
中意健身一族补剂,包邮 L-谷氨酰胺粉500克运动健身补剂 增肌粉肌酸蛋白粉glutamine,13,52
GlobalEshop海外旗舰店,老年人蛋白增强免疫力乳铁蛋白粉无糖蛋白质营养粉官方旗舰店900g,153,53
hbuy海外旗舰店,swisse抗糖丸口服美白丸控糖内服全身亮白胶原蛋白变白内调淡斑VC,79,53
Lumi旗舰店,lumi胶原蛋白粉液态饮正品小分子肽粉口服液精华饮品官方旗舰20袋,109,53
阿里健康大药房,白云山卓悦蛋白质粉增强免疫力青少年中老年成人营养男女官方旗舰,99,53
阿里健康大药房海外店,澳洲Nature'sWay澳萃维营养香草味蛋白粉佳思敏蛋白质增免疫力,93,53
奥健补剂,STT怪兽一水肌酸高纯肌酸增肌健身增加力量爆发力非氮泵蛋白粉,49,53
大熠保健食品专营店,修正沛怡优佳复合蛋白蚕蛹粉双蛋白浓缩乳清蛋白中老年营养保健品,238,53
华北正品店,华北制药蛋白粉80%无蔗糖蛋白质粉钙铁锌乳清蛋白粉营养补品术后,158,53
肌友公社健身补剂原料,谷氨酰胺健身氨基酸L-谷氨酰胺运动健身补剂增肌粉蛋白粉缓解酸痛,14,53
健康保健食品优选店,世纪青青蛋白粉药店同款卓悦10g*50袋/盒蛋白质原粉【23年9月产,74,53
健身小肥军,健身小肥军肌肉博士金分离ISOLATE乳清蛋白质粉运动增肌蛋白粉4磅,299,53
巨人运动营养补剂正品店,mutant铁血魔兽分离乳清蛋白质粉whey男女健肌粉健身增肌粉5磅,395,53
康尔佳食品专营店,康恩贝蛋白粉无糖乳清蛋白质粉增强免疫力学生中老年营养品旗舰店,104,53
沐风营养保健食品店,修正沛怡优佳复合蚕蛹双蛋白质粉浓缩乳清蛋白粉固体饮料营养补品,65,53
汤臣倍健盈养一号专卖店,汤臣倍健蛋白质粉植物营养粉女性可搭中老年补品官方旗舰店网正品,73,53
特价临期淘母婴店,24年6月到期鹿王牌益生菌高钙鹿乳蛋白粉320克临期特价蛋白粉正品,10,53
亦康保健食品,450克 汤臣倍健蛋白质粉强免疫力成年中老年男女营养粉高蛋白乳清,138,53
GINZA银座抗衰老中心,捷克collamedic挪威冰川鳕鱼胶原蛋白肽高效蛋白粉饱满细嫩收毛孔,425,54
KANGAOLAI,【抖音同款正品】中粮小分子肽蛋白质粉可益康植物双肽蛋白营养粉,238,54
KMax康麦斯海外旗舰店,进口免疫力蛋白粉牛初乳蛋白质粉增强免疫球蛋白乳铁蛋白中老年人,558,54
阿里健康大药房,同仁堂蛋白粉中老年人女性营养蛋白质粉增强免疫力官方旗舰店正品,59,54
澳品味海外专营店,美国国产康宝莱奶昔代餐粉饱腹食品套餐蛋白营养粉美国进口正品,136,54
草本上品,国产康宝莱血橙胶原蛋白肽粉210g小分子肽水解粉非液态饮官网正品,426,54
超人 补剂,临期特价捡漏乳清蛋白粉诺特5磅海德利乳清男女健身whey增肌粉,49,54
超神运动营养补剂站,康比特充力元青少年体育生中高考体训体考运动冲力元力量爆发480g,379,54
宠洛洛医药旗舰店,TNP香港养生堂益生菌高钙驼奶蛋白粉中老年儿童,169,54
初元保健品旗舰店,江中初元加肽蛋白粉免疫力中老年人成人450g送礼盒蛋白质粉营养品,129,54
尕咩咩澳洲购,Nature'sWay澳萃维胶原蛋白粉焕颜提气色营养女士口服120g,89,54
汗宇正品运动补剂店高端品,美国ALLMAX分离乳清蛋白粉ISOFLEX高纯度水解5磅健身增肌非ON欧普,338,54
康复营养中心,立适康乳清蛋白粉 香草味 300g假一赔十正品质量保证医院药房同款,155,54
绿巨人健身健美用品,德国进口ironmaxx艾恩麦斯弗瑞格whey乳清蛋白粉营养健身增肌补剂,458,54
诺特兰德1号店,诺特兰德蛋白粉5磅原味高蛋白三重乳清蛋白质粉健身增肌增重长肉,129,54
皮特健身补剂店,Muscletech肌肉科技增肌粉瘦人增重增肌高性能白金乳清蛋白粉mass,148,54
企业直销官署店,安利纽崔莱植物蛋白粉女士大豆蛋白健身增肌粉男性运动营养400g,280,54
桥本同学互助会,豌豆蛋白粉无麸质无奶pea protein桥本食品植物蛋白粉营养粉500g,168,54
三得利健康海外旗舰店,【约90天量】suntory三得利第四代蜜露珂娜高浓度胶原蛋白粉抗糖,1006,54
善元堂旗舰店,善元堂妙语大豆乳清蛋白粉奶粉牛磺酸营养粉成人男女性增强免疫力,338,54
汤臣倍健官方旗舰店,汤臣倍健健乐多肌酸粉一健身补剂水肌酸蛋白增肌耐力非氮泵bcaa,98,54
特价母婴优选,24年6月到期临期特价蛋白粉益生菌高钙鹿乳蛋白粉固体饮料320克,11,54
同仁品牌自营店,同仁堂胶原蛋白营养粉女性蛋白质粉补品免疫力官方旗舰店官网正品,45,54
纤纤营养屋,康宝莱奶昔官网旗艦店营养蛋白粉国产正品增加饱腹感健身增肌,176,54
小杰运动营养,肌肉科技乳清蛋白粉便携装小袋装益生菌试用装六星蛋白增肌粉whey,59,54
小牛之家,汤臣倍健蛋白粉营养蛋白质粉礼盒中老年 免疫 提高 2罐600g,209,54
型男健身馆官方店,乳清蛋白恒天然增肌增重健身补剂动物蛋白质营养粉wpc80原味袋装,55,54
营养品服务中心,立适康高蛋白全营养粉固体饮料360g院内同款 新日期,125,54
悦活360健康生活馆,纽斯葆 牌蛋白质粉 450g/罐+10g/袋*16袋,118,54
云购(商城),Amway安利纽崔莱蛋白质粉提升青少年中老年孕妇免疫力蛋白营养粉,279,54
goldensun金日旗舰店,金日牌高营养蛋白质粉480g男女通用成人动植物蛋白营养粉礼盒装,179,55
ToneItUp海外旗舰店,toneitup有机植物蛋白粉女叟身运动低糖健身蛋白质粉进口营养补充,288,55
阿里健康大药房,仁和蛋白质营养蛋白粉提高增强成人官方旗舰店正品非老年人免疫力,89,55
奥健补剂,【90%蛋白含量】STT怪兽纯分离乳清蛋白粉WHEY增肌蛋白质营养粉,299,55
吃蓝莓的熊猫,顺丰 现芬兰Foodin有机草饲乳清蛋白粉 无添加高品质氨基酸健身,265,55
大青蛙营养俱乐部,香港康宝莱奶昔 营养代餐粉 官网正品 蛋白混合饮料 饱腹感国版,267,55
蒂芬妮官方旗舰店,蒂芬妮胶原蛋白粉液态饮正品原液补充精华口服鱼胶原肽水解粉,138,55
禾博士旗舰店,禾博士乳清蛋白质粉+维C中老年人营养品维生素矿物质双蛋白粉vc,89,55
极动公馆丨运动补剂商城,熊猫Myprotein分离乳清蛋白质粉营养健身增肌粉2.2磅补剂5.5磅,128,55
健美黑军健美补剂正品店,BD必第能量乳清蛋白粉5磅健身增肌蛋白质粉非肌酸氨基酸健身乳清,199,55
巨人运动营养补剂正品店,mutant铁血魔兽乳清蛋白质粉 whey健身男女增肌粉健肌粉增重粉5磅,270,55
康恩贝雄起专卖店,康恩贝蛋白粉乳清蛋白质粉营养中老年人增强免疫力官方旗舰店正品,49,55
康健优选保健品,汤臣倍健yep高光磁感小粉瓶5瓶装胶原蛋白液态饮正品口服液小分子,51,55
康益莱保健品专营店,修正正品蛋白粉乳清蛋白质粉老年人增强免疫力儿童维生素C铁沛怡,198,55
苏宁易购官方旗舰店,Swisse斯维诗乳清蛋白粉 蛋白质粉中老年健身营养粉礼盒3104,159,55
天猫超市,活动咨询汤臣倍健蛋白质粉植物蛋白营养品男女成人官方旗舰正品店,297,55
天猫超市,fiboo代餐奶昔粉蛋白代餐饱腹食品早晚餐营养主食速食冲饮代餐粉,199,55
维塑营养企业店,维塑乳清蛋白粉3磅 健身增肌男女无糖WHEY锌镁营养蛋白质增健肌粉,109,55
吴越老百姓大药房旗舰店,浦索水解蛋白液特殊短肽医学用途蛋白质组件配方营养粉dy4,188,55
小隆人正品补剂商城,EB健型增肌粉6磅 瘦人增重吃胖强化体格乳清蛋白质营养粉原装正品,158,55
姿彩生活馆,马来安利成人多种植物蛋白粉900g家庭装（24年09月到期）,358,55
Allmax保健品海外旗舰店,ALLMAX乳清蛋白质粉健身健肌运动瘦人增肌粉金标纯乳清蛋白营养粉,278,56
Myprotein海外旗舰店,11磅 Myprotein增肌配方粉瘦人增重熊猫蛋白质增肌粉健身男女补剂,410,56
阿里健康大药房,同仁堂肌酸一水肌酸粉非氮泵蛋白粉耐力爆发力健身增肌粉,69,56
阿里健康大药房,美国胶原蛋白片肽精华液态粉口服饮品丸全身旗舰店正品搭美白内服,168,56
健佳保健食品,汤臣倍健乳清蛋白固体饮料400g 纯动物蛋白 增肌 香草味蛋白质粉,125,56
巨人运动营养补剂正品店,OXYENERGY氧气能量乳清蛋白质粉试用装ISO分离乳清whey粉健身食,20,56
亮轻盈保健品旗舰店,亮轻盈 燕窝肽胶原蛋白肽饮 粉瓶维C鱼胶原血橙口服液精华饮套餐,99,56
木圣闻健康食化,日本鲣鱼弹性蛋白肽林兼纯粉进口原料增加肌肤弹性胶原蛋白搭档,95,56
品牌特惠国内总店,康笑莱无蔗糖高钙蛋白质营养粉蛋白粉中老年人补钙官方旗舰店正品,40,56
企业直销云店,安利纽崔莱益源植物蛋白质粉增强青少年中老年人蛋白营养粉免疫力,428,56
权baobaoの代购小铺,日本明治胶原蛋白粉粉色袋装196g内调28日替换送勺子包邮,113,56
汤臣倍健健领专卖店,汤臣倍健蛋白粉高蛋白质乳清营养中老年成人增强免疫力官方旗舰店,674,56
天猫国际全球探物,澳大利亚直邮Nestle雀巢大蓝罐vitalproteins牛胶原蛋白肽粉284g,169,56
万疆保健食品,30袋起汤臣倍健胶原蛋白粉烟酰胺水蜜桃进口法国鱼胶原蛋白肽果饮,83,56
威士雅保健品旗舰店,威士雅蛋白粉600g增强免疫力大豆乳清蛋白质营养粉成人,268,56
吴越老百姓大药房旗舰店,优力加蛋白粉大豆蛋白乳清蛋白质营养粉增强免疫力正品旗舰店dy5,89,56
小隆人正品补剂商城,肌肉科技分离乳清蛋白粉750g双重高纯蛋白质低糖低脂健身增肌健形,158,56
欣怡喵海外购,美国蛋白质粉中老年大罐青少年安正品利纽崔莱蛋白营养粉孕妇900G,183,56
益品达健食品旗舰店,益品达健胶原蛋白口服液烟酰胺虾青素精华小分子液态弹性时光饮,499,56
中粮保健品旗舰店,中粮胶原蛋白粉胶原蛋白肽口服水解官方非液态饮口服液旗舰店正品,158,56
卓叔瘦人增重店,卓叔增重【90%分离乳清】加拿大ALLMAX蛋白质粉健身增肌0乳糖WHEY,348,56
Chodown肆吃补剂,马泰时刻增肌粉健身瘦人增重健肌粉乳清蛋白运动营养粉2.5磅,48,57
阿里健康大药房,每优健萃 乳清蛋白粉健身增肌蛋白质粉便携营养补充瘦人男女运动,158,57
北欧海盗旗舰店,北欧海盗帝国乳清蛋白增肌粉健身男水解分离乳清运动营养蛋白质粉,488,57
黄金搭档官方旗舰店,黄金搭档中老年人男女性动植物蛋白质粉营养品官方旗舰店正品礼盒,154,57
肌肉英雄运动营养,诺特兰德TG增肌粉乳清蛋白质粉瘦人健身增肌营养粉增重男健肌粉,65,57
简朗保健食品专营店,北京同仁堂乳清蛋白质粉老年人营养粉增强免疫力粉官方旗舰店正品,89,57
健邦特运动营养,肌肉科技六星分离乳清蛋白粉健身运动分离乳清蛋白增肌蛋白质健身,119,57
康健优选保健品,汤臣倍健蛋白质粉大豆豌豆植物蛋白粉营养男女补充健康正品送礼,84,57
南苜蓿保健品专营店,DHA蛋白质粉儿童青少年增强营养搭免疫力记忆奶粉官方旗舰店正品,88,57
纽约阳光直销店,国产康宝莱进阶套餐 奶昔蛋白粉纤维素片茶饮葡萄籽 官网旗舰正品,1429,57
若海保健品专营店,多合青少年蛋白质粉学生疫力DHA蛋白粉免儿童高中营养品早餐增强,128,57
深谷溪田旗舰店,深谷溪田益生菌羊乳蛋白粉儿童学生成人中老年早餐营养蛋白质粉,79,57
汤臣营养品企业店,汤臣倍健胶原蛋白肽液态饮小分子精华粉瓶女正品口服液官方旗舰店,108,57
唐氏盛泰保健食品专营店,同仁堂绿金家园蛋白质粉专老年人无糖乳清增强营养植物糖尿人用,168,57
天猫国际自营全球超级店,【自营】ALLMAX纯分离乳清蛋白粉蛋白质粉瘦人运动健身增肌粉营养,348,57
益百岁保健食品店,深谷溪田益生菌羊乳蛋白质粉羊奶粉儿童学生中老年人成人营养粉,9,57
远子的补剂铺,赛霸乳清蛋白粉健身增肌分离蛋白质粉补剂whey增肥增重健肌粉男女,139,57
ALLMAXNUTRITION赋力专卖,ALLMAX分离乳清蛋白粉纯乳清蛋白质粉增肌粉瘦运动乳糖不耐受选我,368,58
Lumi旗舰店,Lumi胶原蛋白粉Pink粉7袋小分子鱼胶原蛋白粉 7日份量正品,19,58
Muscletech海外旗舰店,肌肉科技蛋白粉4磅水解分离乳清蛋白质粉健身男增肌粉官方旗舰店,298,58
orgain海外旗舰店,【强体质大罐装】Orgain傲感有机植物豌豆蛋白粉营养全家补充920g,350,58
orgain海外旗舰店,【强体质2罐】Orgain傲感有机植物豌豆蛋白粉全家营养提升抵御力,389,58
艾瑞堡品牌企业店,艾瑞堡分离乳清蛋白质粉营养品中老年健康礼品术后疗放化蛋白质粉,158,58
傲凡良品,傲凡瓶装粉 法国原料多维胶原蛋白肽 含透明质酸弹性蛋白抗糖化,258,58
奥健补剂,马泰时刻MASS增肌粉健身增重乳清蛋白粉北欧诺特特价捡漏不临期,68,58
白云山严选正品,养生堂牌蛋白营养粉蛋白质粉种氨基酸增强中老年成人免疫力养身堂,69,58
保健中心云店,完美营养餐螺旋藻南瓜粉 早餐蛋白粉代餐正品专卖官网,107,58
国药中华老字号,北京同仁堂胶原蛋白肽口服液燕窝海参粉正品女性白官网官方旗舰店,27,58
火山运动营养,马泰时刻支链氨基酸粉bcaa电解质粉健身运动非氮泵肌酸乳清蛋白粉,29,58
健邦特运动营养,肌肉科技六星益生菌增肌粉瘦人增重增肌增肌粉乳清蛋白质粉,41,58
麦麦化妆品正品直销店,欧瑞莲瑞尔姿蛋白粉虾青素鱼油多维钙片活力套装体重管理官网正品,29,58
名人补剂,Muscletech肌肉科技白金乳清蛋白粉男女健身营养增肌分离蛋白质粉,185,58
纳维康保健品专营店,UN美国优恩ISO纯分离乳清蛋白蛋白质粉瘦人增肌增重粉健身男5磅,259,58
暖蔻旗舰店,暖蔻寇蛋白粉寇水解乳清蛋白粉补充营养能量运动增肌官方正品旗舰,188,58
桃白白旗舰店,999桃白白胶原蛋白肽氨基丁酸口服液蛋白肽内调正品旗舰店小粉瓶,209,58
天猫超市,康比特分离乳清蛋白750g运动健身健美whey低脂瘦人增重蛋白增肌粉,438,58
吴越老百姓大药房旗舰店,汤臣倍健蛋白质粉乳清官方旗舰店正品 中老年增强免疫力营养粉 XD,159,58
小黄鸭保健食品店,康恩贝蛋白粉80%蛋白质营养健身增肌中老年成人儿童送礼正品,40,58
小姐姐全球优选,澳洲Nature's Way佳思敏蛋白质粉速溶营养健身原味香草巧克力375g,78,58
壹品生物科技,美国wpi90分离乳清蛋白质粉新西兰浓缩WPC80乳清蛋白健身增肌原粉,49,58
以琳养生铺子,modomodo鳕鱼胶原蛋白肽人体胶原蛋白原料小分子肽活性肽正品,99,58
远子的补剂铺,澳洲Maxines乳清蛋白粉女性健身塑型增肌代餐食品饱腹WHEY蛋白粉,219,58
中航生物科技企业店,Hilmar9410分离乳清蛋白粉WPI90浓缩乳清蛋白粉wpc80健身增重增肌,45,58
大熠保健食品专营店,修正维生素C加铁蛋白质粉中老年增强免疫力大豆营养维e粉沛怡成人,268,59
广锦堂旗舰店,益生菌驼奶蛋白粉中老年青少年男女性营养粉骆驼奶粉乳清蛋白质粉,35,59
华北满熙专卖店,华北制药益生菌高蛋白质粉乳清无糖蛋白营养粉男女性中老年蛋白粉,143,59
加美宝贝加拿大正品代购,加拿大直邮LeanFit乳清蛋白粉营养保健 香草和巧克力两种口味2Kg,313,59
麦麦化妆品正品直销店,官网正品欧瑞莲瑞尔姿复合蛋白粉固体饮料玉米草莓香草原味营养品,5,59
诺特兰德1号店,OXYENERGY氧气能量乳清蛋白粉体验装芝芝桃桃味试用装蛋白质成人,69,59
企业直销云店,安利纽崔莱植物蛋白质全营养粉增强男女术中老年人蛋白免疫力粉,280,59
天猫国际自营全球超级店,【自营】BSN乳清蛋白质粉Syntha-6六重矩阵蛋白粉进口健身增肌5磅,388,59
唯一食品特产,浓缩分离乳清蛋白粉健身补剂WPC80增肌增重粉速溶蛋白质粉营养粉,13,59
武汉国大大药房旗舰店,汤臣倍健乳清蛋白粉营养粉营养品女性中老年人成人健身官方旗舰店,139,59
纤妍保健食品专营店,中老年人益生菌蛋白质营养粉官方旗舰店正品蛋白增强非免疫力无糖,78,59
鑫时代健身补剂,Myprotein熊猫乳清蛋白粉茉莉绿茶玄米茶烘焙茶新品增肌拿铁奶茶,69,59
旭玖康保健食品企业店,旭玖康分离乳清蛋白粉中老年乳清蛋白成人术后恢复动物蛋白营养粉,458,59
益丰大药房旗舰店,2盒送礼品袋】优力加 百合康牌蛋白粉 10g*50袋/罐 增强免疫力,89,59
远子的补剂铺,OXYENERGY氧气能量乳清蛋白质粉whey分离乳清营养健身增健肌粉5磅,178,59
爱肾网,爱肾网 费瑞能透析蛋白粉分离乳清蛋白质复合粉0磷0钾透析营养粉,169,60
德中康桥 正品代购,2026年新日期！ 新包装罐装 德国原装进口Caelo骨胶原蛋白粉 750g,185,60
汗宇正品运动补剂店高端品,赛霸增肌粉5磅复合三重乳清蛋白粉瘦人增重健身男增肌蛋白质粉,139,60
健佳保健食品,汤臣倍健学生蛋白质粉水果味600g青少年男女儿童营养品免疫力正品,129,60
康尔佳食品专营店,康恩贝氨基酸片成人中老年增强免疫力正品官方旗舰店可搭蛋白质粉,45,60
康莲食品,买一送二小 威士雅牌蛋白粉双蛋白乳清蛋白质粉共1130克免疫力,190,60
丽格沛小分子肽,马来西亚原装进口小分子肽丽格沛胶原蛋白冲剂紧致光泽弹性非口服,169,60
绿生堂营养品商城,复合营养氨基酸蛋白质粉中老年人搭强体质免疫术后营养补品送礼,65,60
名人补剂,名人补剂肌肉科技分离乳清蛋白粉六星益生菌蛋白增肌粉男运动健身,200,60
名人补剂,肌肉科技乳清蛋白质粉临期康比特增肌粉特价ON蛋白粉捡漏诺特兰德,65,60
汤臣倍健众华朗臣专卖店,汤臣倍健胶原蛋白肽粉烟酰胺液态饮口服液精华YEP官方正品旗舰店,159,60
天猫超市,康恩贝金罐蛋白粉乳清蛋白质粉增强免疫力中老年营养品礼盒送礼,299,60
天猫超市,敬修堂钙铁锌蛋白质粉1000g乳清蛋白儿童青少年学生成长营养品,198,60
天猫国际自营全球超级店,【自营】Swisse斯维诗乳清蛋白质粉氨基酸营养粉450g*2罐,478,60
天猫国际自营全球超级店,【自营】GLGFAS增重益生菌瘦人乳清蛋白粉增肥增胖瘦子营养长肉,268,60
歪妈家的干货店官方企业店,歪妈胶原蛋白粉肽鱼非液态口服纯胶原5g*30营养饮品正品包邮150g,193,60
吴越老百姓大药房旗舰店,斯维诗Swisse乳清蛋白粉蛋白质粉中老年人免疫力男女官方旗舰XD,159,60
氧气能量Muscle能量运动营养店,OXYENERGY氧气能量乳清蛋白质粉whey乳清营养男女健身增健肌粉5磅,7,60
远子的补剂铺,AllMax IsoFlex90水解分离NATURAL天然分离乳清蛋白质粉5磅2磅,338,60
自由贸易港,韩国庆南Lemona莱檬低分子鱼胶原蛋白维生素C美颜乳酸菌VC粉60条,79,60
morinaga森永海外旗舰店,森永蛋白粉分离乳清蛋白质粉中老年人术后恢复营养品补品免疫蛋白,720,61
Muscletech海外旗舰店,肌肉科技增肌粉6磅袋装瘦人增重健身乳清蛋白质粉男女官方旗舰店,288,61
NatureWish海外旗舰店,wellyee澳洲进口蛋白粉无糖术后恢复营养品营养粉化疗手术后补品,299,61
阿里健康大药房,善存澳洲进口奶源成人蛋白粉乳清蛋白质粉植物蛋白粉10g*24袋增肌,130,61
阿里健康大药房,同仁堂益生菌高钙驼乳蛋白粉营养乳清蛋白中老年免疫力旗舰店正品,49,61
安安优选生活馆,863美乐家新品营养蛋白粉香草味30克*15袋 新上市香草蛋白粉450克,110,61
迪卡侬旗舰店,迪卡侬支链氨基酸bcaa粉剂男女健身补剂蛋白粉cla氨肌酸END1,49,61
丰禾力健食品专营店,Dymatize狄马泰斯蛋白粉ISO100水解分离乳清蛋白质粉健身营养5磅,339,61
广财生物科技,鱼胶蛋白肽粉小分子肽水解抗糖化深海鳕鱼皮提取胶原蛋白肽粉剂,13,61
火山运动营养,UP训练怪兽黑钻乳清蛋白粉whey训练增健肌粉高蛋白营养粉抖音同款,285,61
健佳保健食品,10瓶汤臣倍健6000mg胶原蛋白肽树莓味液态饮高光小粉瓶正品口服液,85,61
健康营养365,汤臣倍健蛋白粉 450g/罐*2罐共900克  免疫力低下中老年蛋白质粉,336,61
健身小肥军,健身小肥军ALLMAX IsoFlex水解分离乳清蛋白质粉whey蛋白粉ON5磅,368,61
靓极旗舰店,华北制药儿童蛋白粉青少年学生钙铁锌蛋白质粉免疫力蛋白营养粉,158,61
巨人运动营养补剂正品店,海德力乳清蛋白质粉蛋白增肌粉男女增肌健身营养海德利whey 5磅,153,61
康比特骑士健身品牌店,康比特 CPT 炽金益生菌增肌粉 乳清蛋白质特别添加益生菌3.3磅,58,61
康民保健食品企业店,北京同仁堂胶原蛋白肽粉燕窝烟酰胺液态抗糖水解粉肽精华非口服液,38,61
撸铁行动队,康比特炽金乳清蛋白粉增肌重粉健身男营养补剂低脂蛋白质正品5磅,79,61
妞妞澳洲生活馆,斯维诗Swisse胶原蛋白肽粉透明质酸钠血橙精华口服玻尿酸固体饮料,38,61
汤臣倍健保健食品特惠店,汤臣倍健蛋白质粉大豆豌豆植物蛋白营养粉男女性官方旗舰店正品,271,61
汤臣倍健保健食品特惠店,汤臣倍健蛋白质粉乳清中老年人补充营养品增强 免疫力450g,405,61
汤臣倍健众华朗臣专卖店,汤臣倍健健乐多蛋白增肌粉分离纯乳清蛋白质粉健身男健肌瘦人增重,49,61
天猫超市,康比特分离乳清蛋白粉750g健身健美体育生whey低脂蛋白质粉增肌粉,438,61
天猫超市,Swisse益生元燕麦乳清蛋白大豆蛋白粉21袋中老年人保护力补充营养,208,61
天猫国际自营全球超级店,【自营】肌肉科技增肌粉营养乳清蛋白质粉健身男蛋白粉瘦人增重,198,61
艳玲正品直销店,优莎纳钙维生素D大豆蛋白质粉葆婴葆苾康官网正品优莎娜营养粉,219,61
远子的补剂铺,ON/奥普帝蒙 铂金水解分离乳清蛋白粉深度水解3.5磅超金标分离,388,61
BC海外旗舰店,佩飞特Perfect Sports 0糖分离乳清蛋白粉Diesel增肌健身运动营养,378,62
阿里健康大药房,麦金利乳铁蛋白粉乳清蛋白质粉中老年人增强免疫力营养成人大人,223,62
安安优选生活馆,8741美乐家葡安素蛋白粉- 焦糖味420克 美乐家蛋白粉,153,62
蜂蜜之地,国产安利蛋白粉纽崔莱多种植物蛋白质粉增强成人孕妇中老年免疫力,435,62
健之源商行,中秋送礼白云山盈康益生菌蛋白质粉1000克滋补营养品礼物,59,62
普钠旗舰店,普钠胶原蛋白口服液 多肽饮弹性蛋白肽水解粉鲣鱼液,248,62
万有引力运动补剂,CPT康比特iso分离乳清蛋白质粉whey益生菌蛋白粉健身运动增肌5磅4,258,62
吴越老百姓大药房旗舰店,海力生乳清蛋白质粉固体饮料冲饮术乳清蛋白营养粉后旗舰店dy7,165,62
智因美保健食品旗舰店,正品燕窝烟酰胺胶原蛋白肽粉小分子肽智因美牌大包装30袋/盒内调,8,62
careplus海外旗舰店,老年人蛋白粉增强提高中老年免疫力乳清营养蛋白质粉官方旗舰店,189,63
EVERYBOO旗舰店,加强型中老年升白无糖分离乳清白蛋白质粉术后恢复放化营养疗补品,138,63
白云山保健品航舰店,康恩贝长兴牌蛋白质粉乳清增强中老年人免疫力营养奶粉官方旗舰店,38,63
百信大药房旗舰店,汤臣倍健儿童蛋白质粉青少年学生蛋白粉大豆蛋白营养粉旗舰正品xk,150,63
棒妈德国优选,2025.02德国进口fresubin倍力康成人乳清蛋白粉中老年术后营养品,128,63
北美健康海外专营店,德国pm肽美胶原蛋白粉 细胞营养素fitline菲莱正品官方海外旗舰店,276,63
肠内营养之家,Revilife力存乳清蛋白粉固体饮料320g医院同款假一罚十特价,189,63
国肽保健食品专营店,肽年轻纯牛骨胶原蛋白肽粉无糖蛋白营养粉小分子活性肽特殊膳食,199,63
汤臣倍健官方旗舰店,汤臣倍健胶原蛋白肽yep高光小粉瓶养颜口服液态饮正品旗舰官方,253,63
天猫超市,汤臣倍健蛋白质粉大豆豌豆植物蛋白营养男女补充健康1500g组合装,542,63
天猫超市,【独家】江中初元卓悦蛋白粉增强免疫力营养品400g*2罐送礼礼盒装,145,63
音若蝶旗舰店,益生菌高钙驼奶蛋白质粉增强搭免疫力无糖老年人补钙骨质疏松奶粉,89,63
远子的补剂铺,ON奥普帝蒙 whey金牌金标乳清蛋白质粉10磅增肌增重健身欧普特蒙,865,63
GlobalEshop海外旗舰店,Swisse斯维诗胶原蛋白片胶原蛋白肽粉美颜水光片葡萄籽官方旗舰店,61,64
muscletech官方旗舰店,Muscletech肌肉科技增肌粉7磅健身瘦人增肌增重蛋白质增肌粉营养,388,64
卡姆大叔大肌店,卡姆大叔BSN乳清蛋白粉Syntha-6六重矩阵蛋白缓释复合蛋白质粉5磅,378,64
开心健身原料,支链氨基酸粉100克bcaa原粉运动健身补剂增加蛋白质促进肌肉合成,18,64
康比特北京专卖店,康比特分离乳清蛋白粉 88%高蛋白质增肌粉健身男女低脂乳清蛋白,288,64
木圣闻健康食化,抗糖化抗氧化白番茄三文鱼水解蛋白肽复合粉焕白美服抗老,258,64
泰安大药房旗舰店,浦索蛋白质粉特殊医学用途组件配方粉水解蛋白液化疗手术后营养品,198,64
天猫超市,汤臣倍健健乐多纤能蛋白粉乳清蛋白质粉运动健身营养代餐奶昔女性,149,64
Chodown肆吃补剂,肌肉科技六星分离乳清蛋白粉增肌粉乳清蛋白质粉健身运动营养男女,118,65
FINEJAPAN富正海外专卖店,fine胶原蛋白肽粉液态饮正品浓缩弹力辅酶Q10透明质酸胶原蛋白,219,65
兵王的补剂营,凯文莱弗隆铂金乳清蛋白粉5磅健身Whey增重增肌黄金蛋白粉健肌粉,230,65
国际品牌蛋白粉直销,包邮WPI90分离乳清蛋白粉WPC80浓缩速溶乳清蛋白粉健身增肌粉原粉,12,65
华北制药直营企业店,华北制药无糖高钙蛋白粉600g 成人中老年营养补充蛋白含量86%男女,86,65
嘉诺保健食品店,养生堂蛋白粉成人中老年人营养品动植物双蛋白质粉增强 免疫力,238,65
健祺健身补剂,康比特分离乳清蛋白粉便携装试用装男健身纯whey蛋白增肌粉小袋装,48,65
康恩贝优智专卖店,康恩贝蛋白粉乳清球蛋白质营养保健中老年人增强免疫力官方旗舰店,119,65
汤臣倍健Yep旗舰店,汤臣倍健yep高光磁感小粉瓶胶原蛋白肽饮液态精华口服液正品官方,262,65
汤臣倍健佰健专卖店,汤臣倍健蛋白粉植物营养粉增强青中老年人官方旗舰店正品免疫力,213,65
汤臣倍健官方旗舰店,直播限时超地板价秒杀！植物蛋白粉汤臣倍健，低至3折！限量抢！,499,65
小新无糖食品小馆,fiboo蛋白棒代餐能量棒0低无蔗糖脂肪减肥低卡营养解馋代餐饱腹食品,39,65
忆渭保健品专营店,拍1发2百合康牌蛋白粉400g无糖动植物乳清蛋白粉旗舰店官方正品,178,65
VitalProteins保健品海外旗舰店,雀巢VitalProteins胶原蛋白肽草莓柠檬味271/g美国胶原蛋白质粉,189,66
吃蓝莓的熊猫,顺丰 现芬兰Foodin有机草饲乳清蛋白粉 无添加高品质氨基酸健身,265,66
绝尘保健品专营店,德国高蛋白质粉乳清术后恢复营养品全骨折补品中老年蛋白粉老人,428,66
深圳市纯港进出口贸易有限公司,雀巢beneprotein蛋白补动物乳清蛋白粉术后恢复蛋白质粉227克增肌,109,66
唐氏盛泰保健食品专营店,施元铁锌钙蛋白质粉儿童青少年学生升蛋白粉增强提高营养粉调理,128,66
天猫超市,Muscletech肌肉科技纯乳清蛋白粉健身男增肌粉分离乳清蛋白质whey,328,66
远子的补剂铺,凯文莱弗隆铂金乳清蛋白粉5磅 健身Whey增重肥增肌蛋白质粉健肌粉,234,66
中粮保健品旗舰店,12盒装】中粮燕窝肽胶原蛋白肽液态饮品精华粉口服液官方旗舰店,1299,66
BD能量站,BD必第肌酸粉300g一水肌酸男女健身增健肌蛋白粉爆发力耐力非氮泵,35,67
EPAPLUS海外旗舰店,Epaplus西班牙进口氨糖骨胶原蛋白粉软骨素壮骨粉骨骼关节维骨力,199,67
life进口保健商城,膳力达德国进口蛋白质粉术后恢复营养品全骨折补品中老年人蛋白粉,428,67
Myprotein海外旗舰店,Myprotein熊猫减脂配方粉瘦身乳清蛋白质粉膳食纤维奶昔营养粉,240,67
vikki旗舰店,VIKKI 胶原蛋白粉鳕鱼水解小分子三肽口服美容精华粉液态饮旗舰店,69,67
阿里健康大药房,九芝堂胶原蛋白肽正品燕窝烟酰胺胶原蛋白粉口服液态饮官方旗舰店,99,67
阿里健康大药房,同仁堂蛋白质粉中老年人女性增强免疫力营养蛋白粉官方旗舰店正品,18,67
阿里健康大药房,汤臣倍健蛋白粉营养蛋白质粉增强免疫力中老年营养官方旗舰店正品,164,67
安利之家,蛋白粉美国安利纽崔莱成人多种植物蛋白质粉营养粉官方官网正品,310,67
安琪纽特汇恩专卖店,安琪纽特酿酒酵母蛋白质粉营养粉女性蛋白官方旗舰店正品,118,67
合肥育之星电子商务有限公司,人参氨基酸蛋白质粉多种维生素增强中老年人女免疫力蛋白营养粉,45,67
红桃k官方旗舰店,蛋白质含80%】红桃K乳清蛋白粉动物植物双蛋白蛋白质粉蛋白营养粉,49,67
康比特体育科技旗舰店,康比特分离乳清蛋白粉低脂增肌粉运动健肌乳清蛋白质营养粉旗舰店,298,67
马泰时刻旗舰店,马泰时刻分离乳清蛋白质粉健身男增肌ISO重高蛋白质脂成人蛋白粉,469,67
美凯威官方企业店,美凯威浓缩乳清蛋白5磅罐高营养蛋白质粉男女健身健肌速溶WPC80,249,67
上健协严选店,muscletech肌肉科技高性能零度分离乳清蛋白质粉健身增肌男女营养,153,67
苏宁易购官方旗舰店,蛋白粉官方旗舰店正品蛋白质粉中老年人营养粉增强免疫力女性1639,148,67
汤臣倍健佰健专卖店,汤臣倍健健乐多bcaa支链氨基酸粉蛋白健身肌酸运动补剂增肌营养粉,49,67
汤臣倍健食品旗舰店,汤臣倍健yep磁感小粉瓶胶原蛋白肽精华饮升级养颜口服胶原蛋白饮,280,67
特膳福州莉姐正品店,官方正品 中恩特膳纽肌能乳清蛋白粉中科特膳蛋白粉新版 600g/罐,258,67
天猫国际健研馆,【自营】11磅乳清 Myprotein熊猫乳清蛋白质粉健身男女蛋白增肌粉,620,67
吴江千林保健品专营店,1200g可选千林蛋白粉400g儿童青少年成人中老年大豆乳清蛋白质粉,108,67
炫动保健食品专营店,汤臣倍健蛋白质中老年营养蛋白粉增强免疫力官网旗舰店正品男女性,388,67
营养食品品店,海力生乳清蛋白粉固体饮料旗舰店补充蛋白营养恢复企业店公司直营,192,67
中粮保健品旗舰店,6桶装】中粮蛋白质粉营养乳清植物人参蛋白粉官方旗舰店正品,699,67
GNC健安喜海外旗舰店,GNC健安喜100%分离乳清蛋白粉增肌健身男女蛋白质粉增重美国进口,39,68
MuscleLAB,ALLMAX纯分离乳清蛋白粉5磅ISOFLEX零糖健身增肌天然蛋白质营养粉,628,68
佰灵健康品牌店,牛初乳免疫球营养蛋白质粉提高增强非体质力奶成中老年人女性孕妇,198,68
德兰食品专营店,益生菌驼奶蛋白质粉新疆正宗正品中老年无糖骆驼奶粉高钙配方营养,158,68
福瑞达保健品旗舰店,福瑞达gobuty胶原蛋白肽粉液态饮口服玻尿酸维生素液烟酰胺正品,129,68
国药自营店,北京同仁堂蛋白质粉中老年人女性增强营养免疫力正品官方旗舰店,29,68
华药耀佳旗舰店,华北制药植物蛋白质粉600g中老年补品增强营养正品无糖蛋白粉,24,68
焕新如初,如新华茂牌爱宝力营养蛋白粉巧克力味如新正品官网国产nuskin补充,298,68
康恩贝官方旗舰店,4罐康恩贝乳清营养蛋白粉蛋白质粉增强免疫力女性老年人营养补品,205,68
康昔莱乐瘦身俱乐部,美国原装进口康宝莱代餐奶昔蛋白质营养粉官网正品美版代餐奶昔粉,199,68
圣易公旗舰店,益生菌高钙驼奶蛋白质粉增强搭免疫力中老年人补钙骨质疏松奶粉,70,68
雅培特医营养品旗舰店,雅培全安素礼盒全营养粉肠内营养粉含维生素蛋白质旗舰店,506,68
益百岁保健食品店,益生菌蛋白质粉美盾正品成年中老年人肠胃菌钙铁锌营养粉增强免疫,50,68
正品奥赛周边,临期乳清蛋白质粉捡漏特价肌肉博士whey健身蛋白粉,83,68
moroka海外旗舰店,蛋白质粉中老年人增强提高乳铁蛋白免疫力补品术后恢复营养送父母,139,69
MuscleLAB,美国Dymatize狄马泰斯ISO100水解分离纯乳清蛋白粉WHEY蛋白质营养,288,69
VitalProteins保健品海外旗舰店,雀巢VitalProteins歪头蛋白鱼胶原蛋白肽美国原装221g粉剂非胶囊,389,69
爱尚美保健品批发零售,乳清蛋白质粉增肌粉健身男女瘦人增重增肌高营养粉健肌粉肌肉科技,13,69
健美黑军健美补剂正品店,ALLMAX分离乳清蛋白粉ISOFLEX健身增肌whey天然分离乳清蛋白质,338,69
康比特官方旗舰店,康比特蛋白质粉】中老年人增强免疫力送礼佳品保健术后恢复营养品,199,69
罗麦仙肤莱企业店,葆婴大豆蛋白粉420克优莎纳钙维生素D官方旗舰店葆苾康官网正品,237,69
玛士撒拉医疗科技企业店,愈素II型2 3营养强化蛋白复合粉品肠内植物乳清术后全代餐速手高,274,69
美澳健旗舰,送2礼 美澳健蛋白粉营养蛋白质粉增强免疫力男女性抵抗力中老年人,94,69
深谷溪田旗舰店,深谷溪田益生菌羊乳蛋白粉儿童学生成人中老年蛋白质粉早餐营养,79,69
天猫超市,诺特兰德支链氨基酸bcaa健身非乳清蛋白增肌粉氮泵支链肌酸100g,39,69
养生堂旗舰店,养生堂蛋白粉植物补充蛋白质粉低脂大豆氨基酸蛋白质营养粉袋装,243,69
医元佳大药房旗舰店,立适康乳清蛋白质粉香草味固体饮料高蛋白短肽全营粉院线同款xy,59,69
亦巧食坊的小店,益生菌蛋白质粉美盾正品成年中老年人高蛋白肠胃菌营养粉增强免疫,50,69
中国黑老大的地盘,美国ALLMAX天然分离乳清蛋白粉-健身增肌93%含量高纯蛋白质5磅,368,69
muscletech官方旗舰店,Muscletech肌肉科技六星益生菌乳清纯蛋白增肌粉瘦人增重高碳水,330,70
performix海外旗舰店,普魅Performix进口分离乳清蛋白粉whey蛋白质粉增肌健肌无0糖代餐,259,70
爱本官方旗舰店,爱本旗舰店成人高钙中老年奶粉乳铁蛋白免疫力牛初乳800g绿宝盒,149,70
环保超市生活馆,美乐家营养蛋白粉香草味麦香味巧克力易吸收450g正品非官方旗舰店,157,70
蓝色妖姬直销品店,完美营养餐螺旋藻南瓜粉 代餐早餐蛋白粉灌装专柜专卖正品,105,70
乐析能官方店,乐析能分离乳清高蛋白粉肾透析低磷钾纳中老年人术后全营养品质粉,361,70
琳姐补剂丨凯文莱弗隆直营店,临期特价myprotein熊猫分离乳清蛋白增肌粉cla鱼油锌镁肌酸燕麦片,15,70
慕语健康直销店,安利纽崔莱蛋白质粉多种植物营养粉增强青少年孕妇中老年人免疫力,270,70
深谷溪田旗舰店,深谷溪田益生菌羊乳蛋白粉儿童学生成人中老年营养早餐蛋白质粉,79,70
斯维诗正品企业店,Swisse斯维诗乳清蛋白质粉营养粉成人中老年改善体质增加免疫力,149,70
汤臣倍健保健食品特惠店,汤臣倍健乳清蛋白粉健身粉 蛋白质粉运动健肌粉 400g包邮,348,70
汤臣倍健健领专卖店,汤臣倍健乳清蛋白质粉蛋白营养粉女性中老年人成人官方旗舰店正品,200,70
唐氏盛泰保健食品专营店,施元免益多维蛋白质粉中老年增强提升免益力营养无糖乳清旗舰店,88,70
万有引力运动补剂,诺特兰德tg增肌粉瘦人增肌增重蛋白粉whey乳清蛋白质健身运动5磅,24,70
小小优品店,美国产康宝莱奶昔蛋白营养粉 代餐粉饱腹食品套餐官网旗舰正品,153,70
醉幻觉保健品专营店,老年人蛋白质营养粉增强搭官方旗舰店正品免疫力骆驼奶粉提高高钙,59,70
biocyte海外旗舰店,碧维斯Biocyte胶原蛋白 法国深海鳕鱼提取胶原蛋白肽水解粉液态饮,288,71
DGI食品旗舰店,愈素营养强化蛋白质粉老人术后中老年营养乳清蛋白增强全营养补品,274,71
FE健身领域,FE原味醇乳清蛋白粉 半分离乳清 创新蛋白伴侣调味80%含量,49,71
MUSCLETECH运动营养旗舰店,肌肉科技高性能正氮蛋白粉乳清蛋白质粉分离健身增肌粉官方旗舰店,278,71
好心人旗舰店,好心人黄金蛋白粉成人中老年增强免疫力缓解体力疲劳官方旗舰店,249,71
华夏大药房旗舰店,浦索水解蛋白液浦索医学用途蛋白质粉乳清膳食短肽营养补充剂xd,585,71
环球优品健身补给,Myprotein熊猫乳清蛋白粉茉莉绿茶玄米茶烘焙茶增肌拿铁奶茶2.2磅,99,71
康比特体育科技旗舰店,康比特能量胶马拉松盐丸电解质粉冲剂跑步骑行提耐力户外运动补剂,37,71
林妈妈美物珍选,捷克collamedic胶原蛋白粉肽CM挪威冰川鳕鱼1oo%纯胶原亢皱易吸收,425,71
绿生堂营养品商城,阿胶红枣蛋白质粉女士补品代餐营养粉血压增强体质免疫抵抗力女性,65,71
深谷溪田旗舰店,深谷溪田益生菌驼奶蛋白粉学生儿童中老年成人早餐营养蛋白质粉,64,71
苏宁易购官方旗舰店,同仁堂蛋白质粉老年人增强免疫力蛋白营养粉官方旗舰店正品1461,68,71
天天特卖工厂店,白云山敬修堂益生菌蛋白粉中老年人营养蛋白质粉女官方旗舰店正品,47,71
同 仁 堂 连 锁 店,【拍1发6罐】蜀总厂益生菌多维高钙驼奶蛋白质粉官方正品旗舰店,34,71
维思健旗舰店,维思健多维营养蛋白质粉儿童成人中老年代餐营养粉植物乳清双蛋白,99,71
野兽的补剂商城,康比特分离乳清蛋白粉 88%高蛋白质增肌粉健身男女低脂纯乳清蛋白,278,71
以琳养生铺子,康恩贝蛋白质粉营养双蛋白粉补品运动乳清蛋白质中老年人易携带,69,71
bechi海外旗舰店,BECHI 深海水解胶原蛋白肽片液态饮补充面部口服粉胶囊旗舰店,878,72
阿里健康大药房,九芝堂蛋白粉中老年人增强免疫力女性营养蛋白质粉官方旗舰店正品,98,72
白云山敬修堂大健康,特价清仓折扣处理 正品白云山敬修堂中老年乳清蛋白质营养粉1000g,59,72
兵王的补剂营,赛霸乳清蛋白粉健身增肌分离蛋白质粉补剂whey增肥增重健肌粉男女,253,72
大虾营养食品基地,康比特炽金乳清蛋白粉5磅纯乳清健身男女增肌运动补充浓缩蛋白粉,29,72
芳芳健康店,美国安利蛋白粉中老年免疫力多种植物安利蛋白质粉900/450克 马来,150,72
健康中国总店,安利纽崔莱官方官网正品蛋白质粉美国进口多种植物蛋白营养粉成人,498,72
木木淘屋营养美妆店,美国安利纽崔莱多种植物蛋白粉900g增强体质营养中老年马来版,348,72
潘高寿朴淳专卖店,白云山潘高寿中老年人高钙蛋白粉乳清蛋白质粉送父母营养品大容量,66,72
浙江葆健,优莎纳钙维生素D大豆蛋白粉葆婴葆苾康牌大豆蛋白粉蛋白粉蛋白质d,232,72
真诚滋补养生专营店,养生堂胶原蛋白肽粉液态饮口服小分子精华Q肌水蜜桃胶原蛋白粉,68,72
阿里健康大药房,汤臣倍健蛋白质粉男性女性成人补品植物蛋白营养粉官方旗舰店正品,109,73
好茶好酒,【2罐装共800克】康恩贝蛋白粉蛋白质粉,64,73
花姐食养旗舰店,花姐食养每日胶原蛋白肽粉袋5000mg日本nippi胶原蛋白旗舰店正品,199,73
健恒保健食品专营店,初元人参蛋白营养粉中老年人补品营养品礼品盒装送父母长辈节日礼,68,73
健源营养膳食,中老年高钙蛋白质粉成人老人奶粉免疫力抵抗术后恢复增强营养品餐,88,73
南京同仁堂官方官网企业店,南京同仁堂蛋白质粉益生菌蛋白粉免疫力儿童老人增强营养粉旗舰店,50,73
诺特兰德鸿飞专卖店,诺特兰德V2氮泵健身增肌一水肌酸粉跑步提速体考体测神器运动补剂,59,73
雀巢健康科学海外旗舰店,雀巢健康科学蛋白补 乳清蛋白质粉高蛋白粉健身增肌营养粉2罐,248,73
天猫超市,汤臣倍健健乐多分离乳清蛋白粉健身增肌男女低脂高蛋白质营养粉,348,73
Chodown肆吃补剂,肌肉科技六星益生菌乳清蛋白粉增肌健形促吸收男女健身运动增肌粉,79,74
MuscleLAB,美国RAW克里斯C宝代言CBUM分离乳清蛋白粉纯草饲奶源纳米分离乳清,405,74
Myprotein海外旗舰店,透明蛋白粉 Myprotein熊猫水解乳清蛋白粉蛋白增肌粉whey蛋白质粉,210,74
阿里健康大药房,肌肉科技六星益生菌增肌粉瘦人增重增肌蛋白粉男健身补剂官方自营,34,74
大参林大药房旗舰店,雅培全安素营养粉900g罐肠内蛋白配方粉成人奶粉营养粉进口香草味,228,74
健康美丽365诚信,安利蛋白粉纽崔莱多种植物蛋白质粉770g成人孕妇中老年蛋白营养粉,529,74
天猫超市,Muscletech肌肉科技纯乳清蛋白质粉健身增肌粉分离蛋白健肌男whey,638,74
天猫超市,诺特兰德增肌粉蛋白粉瘦人健身增重增肌乳清蛋白质粉健肌身男官方,89,74
万豪佶保健品专营店,蛋白质粉中老年人增强搭免疫力高补钙骨质疏松奶粉官方旗舰店进口,75,74
重生系统,美极客苹果干低聚肽粉原装正品中文标签版微商直销同款宝然男女神,138,74
姿美堂旗舰店,姿美堂胶原蛋白肽粉液态饮正品口服液精华饮小分子肽,348,74
MuscleLAB,意大利YAMAMOTO超水解分离乳清蛋白粉小分子易吸收ISOFLEX ON乳清,758,75
sweetycube旗舰店,小杉命力胶原蛋白珍珠胶囊丸改善皮肤水份维VC非粉肽口服液态饮,69,75
橙倍康营养食品企业店,旭玖康分离乳清蛋白质粉老人补充营养术后补品中老年营养品礼盒装,458,75
国肽保健食品专营店,礼盒装国肽胶原蛋白肽粉小分子活性肽牛骨肽大豆肽术后恢复营养品,1399,75
瑾此之美,会饱满会紧致~对抗岁月 弹力蛋白＋胶原蛋白粉 鱼胶原肽小分子,238,75
康恩贝保健品专营店,康恩贝金罐 蛋白粉分离乳清蛋白质增强免疫力老年人女性官方正品,119,75
沛高肠内营养,沛可全乳清蛋白质粉固体饮料牛乳提取动物优质进口水解全营养粉,125,75
仁和仁享专卖店,仁和胶原蛋白肽烟酰胺燕窝固体饮料官方透明质酸钠血橙粉小分子,59,75
同仁健康折扣店,999蛋白质粉500克/罐乳清蛋白补品学生儿童中老年成人蛋白粉健身,22,75
健美黑军健美补剂正品店,CPT康比特炽金分离乳清蛋白质粉4磅抹茶味ISO男女健身增肌粉1800g,278,76
健生堂保健食品营养店,雅力斯氨基酸高钙蛋白质粉大豆分离蛋白乳清蛋白粉无糖礼袋正品,208,76
江中康健正品店,中老年蛋白质粉施元老人中老年人动植物蛋白质高钙滋补营养粉补品,108,76
蓝鲸时代运动营养,肌肉科技促睾酮素健身雄性激素黑金促睾非肌酸蛋白粉增肌粉精氨酸,99,76
瑞轩优选,中粮可益康蛋白粉小分子肽植物双肽蛋白质蛋营养粉 抖音同款 正品,256,76
润德大药房旗舰店,vitrakvi复合小分子肽活性肽正品胶原大豆蛋白肽粉饮料旗舰店xc,118,76
三得利健康海外旗舰店,【约150天量】suntory三得利第四代蜜露珂娜高浓度胶原蛋白粉抗糖,1726,76
汤臣倍健众华朗臣专卖店,汤臣倍健yep小粉瓶胶原蛋白液态饮正品口服液小分子肽精华饮官网,245,76
芯芯正品日本代购,捷克CM胶原蛋白粉肽粉1oo%纯冰川鳕鱼弹性细嫩易吸收collamedic,425,76
雅培特医营养品旗舰店,雅培益力佳SR营养配方粉控糖含蛋白质粉辅助降血糖低GI官方旗舰店,178,76
悠悠养生滋补店,900g汤臣倍健蛋白粉营养粉双蛋白450g2罐中老年儿童男女增强 免疫,248,76
钟意食品屋,深谷溪田益生菌驼奶蛋白粉中老年成人营养奶粉男女儿童青新疆骆驼,11,76
Healthy sunshine 全球好物,Bioe澳洲进口胶原蛋白肽奶粉燕窝Bio-e成年女士胶原饮粉collaoen,159,77
奥威特保健品专营店,MUSCLETECH肌肉科技正氮乳清蛋白粉8磅粉营养粉塑形,738,77
环嫣海外专营店,美国安利纽崔莱蛋白质粉豌豆小麦免疫力植物蛋白粉美国原装进口,183,77
美国卡歌国际总部店,卡歌胶原蛋白肽粉液态饮500d小分子纯原材料官方正品可搭葡萄籽,168,77
南苜蓿保健品专营店,燕窝胶原蛋白质营养粉增强女性搭免疫力血压低补品官方旗舰店正品,88,77
汤臣倍健乐力店,汤臣倍健蛋白粉营养蛋白质粉礼盒装男女成人中老年高蛋白600g,196,77
天猫超市,九芝堂乳清蛋白粉增强免疫力中老年人术后女性送礼官方旗舰正品店,199,77
天猫超市,汤臣倍健蛋白质粉男性女性成人补品植物蛋白营养粉官方正品,271,77
天美健官方旗舰店,【年卡】天美健胶原蛋白肽饮多肽高浓度小分子口服液保健官方正品,1399,77
欣维安保健食品专营店,健蓓高学生营养早餐奶昔粉蛋白代餐奶昔饱腹粉蛋白营养冲泡,99,77
晏婴精品,24年6月到期临期特价蛋白粉益生菌高钙鹿乳蛋白粉320克正品,11,77
正品保婴上海直销,优莎纳钙维生素D大豆蛋白粉 USANA优莎娜 葆婴葆苾康官网正品,259,77
Microingredients海外旗舰店,美国原装自然石榴汁粉鞣花酸精华去黄褐内调补气养血靓肤抗自由基,338,78
MuscleLAB,ON/奥普帝蒙/欧普特蒙WHEY金牌金标乳清蛋白质粉5磅 健身运动增肌,238,78
NutritionRite海外旗舰店,美国进口jarrow乳铁蛋白成人中老年免疫力保健猫咪乳铁蛋白粉胶囊,246,78
oo小小健康生活馆oo,实发2罐共800g】康恩贝蛋白粉 乳清蛋白质粉增强免疫中老年营养粉,78,78
vivanaturals海外旗舰店,viva加拿大进口collagen胶原蛋白肽粉口服牛胶小分子水解饮品454g,285,78
阿里健康大药房,养生堂蛋白粉官方正品中老年人乳清大豆蛋白质粉增强免疫力旗舰店,468,78
百合康旗舰店,百合康蛋白粉增强免疫力中老年人青年学营生养动植物双蛋白旗舰店,25,78
兵王的补剂营,奥普帝蒙ON蛋白粉WHEY运动增肌健身乳清蛋白质粉美国5磅,439,78
嘉禾阳光欢乐购,安利蛋白粉纽崔莱多种植物蛋白营养粉770g原装蛋白质粉孕妇中老年,497,78
名人补剂,名人补剂肌肉科技增肌粉7磅瘦人增肌增重男女健身运动营养蛋白粉,145,78
南苜蓿保健品专营店,同仁堂乳清无糖蛋白质营养粉中老年人增强免疫力官方旗舰店正品补,133,78
纽迪希亚特医营养品旗舰店,新版纽太特深度水解乳清蛋白配方粉450g*6罐食物蛋白过敏婴儿适用,2028,78
尚旺保健品专营店,猴头菇蛋白质粉中老年人提高增强营养搭免疫力养胃官方旗舰店正品,103,78
施元旗舰店,施元中老年人蛋白质粉动植物混合蛋白滋补礼品高钙植物乳清营养粉,128,78
BANNYDEER旗舰店,BD能量bcaa支链氨基酸【4:1:1】健身补剂增健肌蛋白质粉非肌酸,49,79
Codeage海外旗舰店,Codeage铂金胶原蛋白肽粉复合维生素生物素胶原蛋白精华饮,364,79
Geetop海外专营店,蛋白质营养粉免疫力看病人营养品中老年人化疗手术后恢复基能增强,170,79
SAHSwissAlpHealth海外旗舰店,瑞士SAH鱼胶原蛋白肽大粉盒口服玻尿酸无激素水解小分子女性专属,1209,79
Ythree海外旗舰店,澳洲swisse晚安胶原蛋白肽粉抗美颜衰老助眠斯维诗口服旗舰店正品,119,79
宸子妈澳洲购,Swisse乳清蛋白粉成人健身增肌增重中老年孕妇斯维诗混合蛋白质粉,169,79
大青蛙营养俱乐部,康宝莱奶昔 官网旗艦店正品 代餐奶昔 蛋白粉 混合饮料蛋白质粉,733,79
禾颐物语健康管理,汤臣倍健蛋白粉450g儿童中老年男女免疫力乳清蛋白营养粉蛋白质粉,244,79
健本堂大药房旗舰店,诺方洲氨基酸蛋白质粉复合蛋白固体饮料1000g/罐正品旗舰店rt,99,79
老伟的皇冠补剂店,赛霸肌酸粉纯一水肌酸粉300g男女健身增健肌蛋白粉爆发力耐力塞霸,35,79
诺特兰德汉庸专卖店,诺特兰德增肌粉乳清蛋白粉瘦人增重蛋白质官方旗舰店官网正品洛特,119,79
汤臣倍健健领专卖店,汤臣倍健蛋白粉营养蛋白质粉增强免疫力中老年人女官方旗舰店正品,241,79
天猫国际自营全球超级店,【自营】Orgain傲感草饲牛胶原蛋白肽粉454g小分子易吸收原装进口,279,79
益多健康食品,减专用压缩饼干健身粗粮代餐肥吃的非0脂肪无糖户外解馋小零食,28,79
远子的补剂铺,CTD真实果粒乳清蛋白质粉5磅/6磅whey冲击肌波健身补剂 非熊猫ON,109,79
mtswild旗舰店,mtswild曼滋威奥分离乳清蛋白粉蛋白质粉男女运动健康蛋白增肌粉,8,80
swisse聚优库专卖店,Swisse斯维诗玻尿酸胶原蛋白肽粉小分子正品粉剂官方旗舰店水光粉,198,80
百康保健品专营店,加量送！汤臣倍健蛋白粉 动植物双蛋白质营养粉中老年人男女无糖,119,80
常乐运动补剂商城,肌肉科技六星益生菌增肌粉乳清蛋白质瘦人增重运动健身增肌粉,40,80
哈贝高保健品旗舰店,买1发4拒绝暴利】胶原蛋白肽粉水解男女口服液液态饮品精华饮正品,59,80
奈氏力斯营养保健授权店,新西兰进口奈氏力斯naturies中老年人蛋白粉营养恢复补充蛋白质,366,80
上健协严选店,液体氮泵福建体考包小红瓶神器黑科技长跑爆发力耐力肌肉科技短跑,12,80
为粉丝开的店FOR FANS THE STORE,北欧海盗至纯肌酸粉300g爆发力耐力男蛋白粉健身增肌粉补剂非氮泵,80,80
喜来寿二号店,安利纽崔莱蛋白粉770G多种植物蛋白粉增强孕妇中老年成人免疫力,438,80
小隆人正品补剂商城,临期英国进口CNP分离乳清蛋白粉熊猫乳清蛋白11磅蛋白质增肌粉,118,80
雅姿莱旗舰店,鱼胶原蛋白三肽玻尿酸胶原蛋白粉精华液法国胶原小分子弹性蛋白肽,99,80
野兔先生正品运动营养,诺特兰德TG增肌粉瘦人增肌增重蛋白增肌粉乳清蛋白粉健身3.6磅5磅,76,80
POLA海外旗舰店,日本宝丽POLA胶原蛋白粉90包口服胶原蛋白肽紧致淡纹官方正品,848,81
VitalProteins保健品海外旗舰店,雀巢VitalProteins美国进口歪头蛋白鱼胶原蛋白肽221g粉剂2罐,769,81
草本上品,国产康宝莱奶昔基础套餐 饱腹代餐粉 蛋白质营养粉官网原装正品,864,81
环保超市生活馆,美乐家熊宝宝营养蛋白粉草莓味焦糖牛奶味450g正品非官方旗舰店,119,81
健民大药房旗舰店,雅培全安素麦香味术后全营养医学配方粉成人混合蛋白质营养粉,228,81
天猫超市,同仁堂蛋白粉5袋增强免疫力成人中老年男女性乳清营养品独立便携,39,81
天猫国际自营全球超级店,【自营】港版雅培进口怡保康糖尿病人中老年营养粉稳血糖控糖850g,248,81
星辰保健品特卖店,汤臣倍健双蛋白粉蛋白质营养正品老年人男女性免疫力药房同款增强,136,81
营养品服务中心,立适康乳清蛋白质粉香草味固体饮料300g院线同款正品保证当天发,198,81
Chodown肆吃补剂,Muscletech肌肉科技金标正氮乳清蛋白粉高性能WHEY健身运动增肌粉,215,82
muscletech官方旗舰店,Muscletech肌肉科技金装正氮乳清蛋白粉增肌粉营养粉增肌塑形,458,82
阿里健康大药房海外店,GLGFAS美国进口骨折骨裂恢复药营养品术后补钙促进骨骼愈合蛋白粉,268,82
康全特医保健品专营店,德国原装进口膳力达水解乳清蛋白质粉动物短肽不含大豆pronitrio,510,82
欧妮品质生活馆,【自用分享】 捷克挪威collamedic冰川鳕鱼胶原蛋白粉肽分子吸收,425,82
天猫超市,北京同仁堂蛋白粉乳清分离胶原蛋白粉儿童老人增强免疫力官方正品,158,82
天猫超市,麦金利乳铁蛋白乳清蛋白质粉营养中老年人增强免疫力成人儿童提高,320,82
悟健运动商贸,OXYENERGY氧气能量乳清蛋白粉ISO分离乳清whey蛋白质粉健身5磅,198,82
常乐运动补剂商城,诺特兰德三重蛋白质乳清蛋白粉450g运动健身增肌粉营养粉whey1磅,48,83
健美黑军健美补剂正品店,BD必第能量分离乳清蛋白粉4磅whey高蛋白乳清健身男运动ISO增肌,259,83
康比特体育科技旗舰店,康比特益生菌乳清蛋白粉蛋白增肌粉分离乳清蛋白质粉男女增肌塑形,429,83
汤臣倍健保健食品特惠店,汤臣倍健蛋白质粉营养蛋白粉增强 免疫力礼盒中老年人女旗舰正品,415,83
汤臣倍健食品旗舰店,汤臣倍健小金罐复合蛋白质粉乳清成人女性营养礼盒官方旗舰店正品,259,83
微溺晓笑 专注胶原蛋白,全多维效鱼胶原蛋白肽复合粉弹性蛋白深海小分子三肽抗糖化玻尿酸,166,83
益多健康食品,适合减吃的主食香煎鸡排鸡胸肉减脂餐专用奥尔良冷冻半成品肥代餐,37,83
长寿大药房旗舰店,顺丰包邮 力存优太特殊医学用途全营养配方食品乳清蛋白质粉 CS,348,83
muscletech官方旗舰店,肌肉科技六星益生菌乳清蛋白粉增肌粉分离纯乳清蛋白质健身高营养,168,84
阿里健康大药房,蛋白粉中老年营养蛋白质粉免疫球蛋白增强非免疫力官方旗舰店正品,40,84
豹哥的补剂店,豹哥补剂 奥普帝蒙ON蛋白粉WHEY运动增肌健身乳清蛋白质粉美国2磅,233,84
神龟运动营养补剂店,北欧海盗分离乳清蛋白粉便携装小袋装益生菌试用装蛋白增肌粉whey,49,84
天猫国际健研馆,【自营】美国ON奥普帝蒙金标乳清蛋白粉运动健身蛋白增肌粉5磅,538,84
维生素百货店,广药白云山敬修堂中老年人钙铁锌人参虫草乳清蛋白粉无蔗糖型正品,75,84
为粉丝开的店FOR FANS THE STORE,康比特乳清蛋白粉450g cpt蛋白质粉男女运动健身增健肌粉控脂塑型,84,84
熙运医疗器械专营店,极美刻黑豆复合粉蛋白粉孕妇备孕黑豆浆营养孕前吃科学配比冲饮Z,39,84
远子的补剂铺,远子的补剂铺凯文黄金牛肉分离蛋白粉4.4磅健身增肌92%蛋白质,255,84
众心百姓大药房旗舰,同仁堂胶原蛋白肽液态饮正品口服液燕窝烟酰胺肽粉饮品官方旗舰店,29,84
Bsn旗舰店,BSN必胜Syntha-6乳清蛋白质粉六重矩阵健身运动营养WHEY蛋白粉5磅,398,85
muscletech健氧专卖店,肌肉科技bcaa支链氨基酸肌酸氮泵健身补剂增肌蛋白粉支链氨氨基酸,248,85
阿里健康大药房,汤臣倍健胶原蛋白肽官方旗舰店正品yep液态饮口服液鱼小分子肽粉,99,85
恒健大药房旗舰店,汤臣倍健乳清小金罐蛋白质粉中老年人增强免疫力官旗方舰店正品,47,85
火山运动营养,肌肉科技六星分离乳清蛋白粉健身运动分离乳清蛋白增肌蛋白质健身,200,85
名人补剂,名人补剂GNC健安喜乳清蛋白粉 健身运动增肌分离蛋白质粉营养粉男,59,85
苏宁易购官方旗舰店,蛋白粉营养官方旗舰店正品蛋白质粉增强免疫力中老年人营养品1639,76,85
汤臣倍健官方旗舰店,汤臣倍健Yep小粉瓶胶原蛋白肽果味饮料液态饮口服美容液袋装便携,139,85
亦花集旗舰店,汤臣倍健蛋白营养粉女性老年人增强免疫力蛋白质粉官方旗舰店正品,129,85
muscletech官方旗舰店,肌肉科技bcaa支链氨基酸肌酸氮泵健身补剂增肌蛋白粉支链氨基酸,251,86
nutrasumma海外旗舰店,Nutrasumma纽特舒玛豌豆蛋白粉成人植物蛋白无麸质素食无乳糖原味,448,86
prosupps旗舰店,【限时特惠】海德力精炼乳清蛋白质粉瘦人健身营养粉增肌粉男whey,349,86
阿里健康大药房,肌肉科技六星益生菌增肌粉纯乳清蛋白粉质瘦人增重健肌官方旗舰店,69,86
澳新康品牌店,【恩佳专享】澳新康烟酰胺胶原蛋白三肽固体饮料,299,86
靓美妍旗舰店,靓美妍烟酰胺胶原蛋白肽粉液态饮正品口服液燕窝小分子肽蛋白饮,59,86
天猫超市,fiboo代餐奶昔粉蛋白代餐饱腹食品早晚餐营养主食速食冲饮代餐粉,199,86
同仁誉和堂健康生活馆,白蛋白口服液增强老年人免疫力儿童口服液白蛋白肽营养素饮品原液,78,86
纤妍保健食品专营店,阿胶红枣女性蛋白质营养粉血压低非气血不足补品官方旗舰店正品,78,86
小果锅代购,迪拜雅培全安素蛋白粉成人营养奶粉850g 新加坡原装进口正品包邮,142,86
药都仁和康枚婷专卖店,白蛋白口服液增强中老年人搭免疫力人血放化疗后营养品血蛋白补充,98,86
BD能量站,BD必第能量乳清蛋白健身蛋白质粉男女用非赛霸欧普蛋白粉增肌粉5,99,87
奥健补剂,STT怪兽支链氨基酸bcaa谷氨酰胺牛磺酸健身非乳清蛋白粉肌酸氮泵,38,87
肠内营养,康怡多分离乳清蛋白质粉术后恢复营养品中老年人原味动物蛋白质粉,378,87
基能营养品牌店,kingneng基能营养粉乳清蛋白复合粉术后放化放疗补品营养粉中老年,1580,87
食麦郎旗舰店,钙铁锌蛋白质粉中老年人增强搭免疫力补钙骨质疏松奶粉官方旗舰店,93,87
苏宁易购官方旗舰店,康恩贝蛋白粉无糖乳清蛋白质粉增强免疫力女性中老年人旗舰店3094,109,87
御济堂大药房旗舰店,斯维诗swisse官方旗舰店正品胶原蛋白肽小分子口服玻尿酸水光粉CS,29,87
Myprotein海外旗舰店,Myprotein谷氨酰胺健身粉缓解肌肉酸痛养胃食品 可搭配肌酸蛋白粉,95,88
爱昔俱乐部,康宝莱大袋奶昔国产正品官网代餐粉红豆薏苡仁康宝莱大袋装奶昔,799,88
铂品健康旗舰店,铂品乳清蛋白粉2磅健身增重健肌粉男女营养whey蛋白质粉75%,73,88
朵颜朵姿保健品旗舰店,4盒烟酰胺胶原蛋白液态饮肽粉正品玻尿酸小分子口服精华液旗舰店,29,88
华北普世德旗舰店,华北制药蛋白质粉无糖蛋白粉中老年人女士植物大豆营养粉术后补品,115,88
九洲大药房旗舰店,【0元入会】雅培全安素900g官方旗舰店蛋白质全营养成人奶粉进口,279,88
康比特体育科技旗舰店,康比特益生菌乳清蛋白粉蛋白增肌粉分离乳清蛋白质粉男女增肌塑形,429,88
企业直销云店,安利纽崔莱儿童高蛋白粉营养强草莓味940g提升儿体质强壮身体,320,88
种善堂大药房旗舰店,江中蛋白粉中老年人增强免疫力分离乳清蛋白质营养官方旗舰店正品,94,88
julieschoice海外旗舰店,julie's choice高光小粉条全身内调去黄美白饮维生素c谷胱甘肽60%,141,89
华药耀佳旗舰店,华北制药蛋白质粉1200g 成人中老年动植物混合蛋白粉增强营养正品,145,89
麦斯通保健用品专营店,儿童成长钙铁锌蛋白质营养粉增强搭免疫力提高官方旗舰店正品奶粉,85,89
十月茉莉健康馆,纽特舒玛分离乳清蛋白质粉术后营养健康中老年人成人官方进口正品,588,89
无限极INFINITUS线上店,无限极乐姿乐言蛋白质粉多多源适餐粉官方正品旗舰店保健品无极限,249,89
药都仁和康枚婷专卖店,白蛋白口服液增强中老年人搭免疫力人血放化疗后营养品血蛋白补充,98,89
中国黑老大的地盘,美国ALLMAX高纯分离乳清蛋白质粉isoflex健身增肌肉00健肌粉5磅,358,89
姿美健康堂,姿美堂胶原蛋白肽粉液态饮正品口服液精华饮品旗舰店小分子片燕窝,89,89
KEEP MOMENT直营店企业店,KEEP MOMENT分离乳清蛋白4磅乳清增肌高蛋白质粉健身营养粉抹茶,279,90
阿里健康大药房,同仁堂胶原蛋白肽液态饮口服液紧致燕窝粉分子饮品官方旗舰店正品,118,90
阿里健康大药房,胶原蛋白液态饮正品口服原液提拉紧致美燕窝肽粉白饮品官方旗舰店,168,90
北同连锁总店,北京同仁堂胶原蛋白肽口服液燕窝海参粉正品女性白官网官方旗舰店,33,90
泵铁营养商城,ON/奥普帝蒙/欧普特蒙 金牌金标乳清蛋白质粉5磅10磅增肌增重健身,233,90
德兰食品专营店,增肥增重产品蛋白质粉瘦人快速长肉变胖益生菌高保健品营养粉补品,158,90
汤臣倍健佰健专卖店,汤臣倍健乳清蛋白粉增肌蛋白质粉健身男高蛋白营养粉运动刷脂增肌,189,90
小文保健品原料,德国 嘉丽达胶原蛋白肽粉 牛皮提取 小分子多肽纯粉非液态抗糖,68,90
F by Sarah梵喜官方店,法国进口原料fbysarah深海鱼胶原蛋白肽胶原三肽精华粉小分子透亮,122,91
Keep fit  折扣超市,SUPERIOR14速比瑞斯ISO分离乳清蛋白粉健身干净增肌无糖蛋白质粉,68,91
阿里健康大药房,北京同仁堂燕窝胶原蛋白肽粉液态正品饮品小分子肽旗舰店非口服液,119,91
兵王的补剂营,MUTANT铁血魔兽ISO SURGE分离乳清蛋白粉5磅whey增肌健肌营养补剂,393,91
深谷溪田旗舰店,深谷溪田益生菌驼奶蛋白粉中老年学生儿童成人早餐营养蛋白质粉,64,91
汤臣营养品企业店,汤臣倍健蛋白粉质乳清营养粉中老年人女增强官方旗舰店免疫力正品,228,91
亦康保健食品,7袋汤 臣倍健小粉瓶胶原蛋白肽果味饮30ml（树莓朗姆酒味）便携装,46,91
中粮保健品旗舰店,可益康胶原蛋白肽液态饮正品小分子粉鱼胶原蛋白口服液官方旗舰店,218,91
卓旺旗舰店,乳清蛋白质粉增肌粉健身男女瘦人快速增肌增重长肉健肌粉,6,91
老字号品牌总店铺,北京同仁堂高钙蛋白粉袋装分离乳清蛋白营养粉官方旗舰店正品,69,92
圣卫士特医营养,领透乳清分离蛋白质粉高纯能量营养品乐透析补充粉低磷钾钠礼盒装,212,92
直销完美正品折扣店,完美牌肽藻粉营养粉早餐粉代餐粉蛋白粉营养食品实体专卖店正品,246,92
卓叔瘦人增重店,卓叔增重【好喝得不像蛋白粉】康比特CPT益生菌乳清健身增肌WHEY,379,92
intous旗舰店,LUNAB ME露比杏仁八宝pro胶原蛋白肽粉宝口服液态蛋白饮分子冲泡,59,93
老钟驾到,捷克collamedic挪威冰川鳕鱼胶原蛋白捷克纯肽分子蛋白粉,425,93
睿睿臻选,vida glow胶原蛋白肽粉鱼胶蛋白钛水解粉女精华小Q瓶,160,93
小可爱直销企业店,安利纽崔莱蛋白质粉多种植物蛋白营养粉增强孕妇中老年成人免疫力,495,93
氧气能量旗舰店,氧气能量四重乳清蛋白粉运动健身增肌粉官方旗舰店蛋白质粉便携装,199,93
卓越营养美妆店,美国产安利蛋白粉纽崔莱蛋白质粉多种植物营养儿童孕妇中老年进口,198,93
swisse锦鲤专卖店,swisse斯维诗乳清蛋白质粉成人中老年增强体质补充蛋白官方正品,418,94
爱昔俱乐部,安利蛋白质粉纽崔莱多种植物蛋白营养粉770g成人大蛋白增加免yi力,475,94
南京同仁堂  官 网,南京同仁堂营养蛋白质粉无糖增强成人免疫力官方中老年旗舰店正品,39,94
深谷溪田旗舰店,深谷溪田益生菌羊乳蛋白质粉儿童学生中老年人成人营养羊奶蛋白粉,79,94
汤臣倍健爱生活保健品店,汤臣倍健植物蛋白粉蛋白营养粉大豆蛋白质粉补品正品男女成人,257,94
友勃朗YOPRIDE商城,ALLMAX分离乳清蛋白粉ISOFLEX健身增肌粉whey无糖乳清蛋白质粉5磅,308,94
醉幻觉保健品专营店,蛋白质粉女性补品提高增强营养搭免疫力抵抗血压低官方旗舰店正品,81,94
佳帝健康医疗馆,艾申特牌蛋白粉维生素C维生素E蛋白粉420g儿童成人送礼优质双蛋白,79,95
健民大药房旗舰店,雅培全安素术后全营养特殊医学配方粉成年人蛋白质营养粉补充,228,95
立适康食品旗舰店,立适康乳清蛋白粉香草味/可可味 300克【拍五发六】,309,95
麦趣保健食品专营店,增肥增胖男性女搭产品瘦人增重快速长肉胖食品益生菌驼乳奶蛋白粉,56,95
汤臣倍健健领专卖店,汤臣倍健蛋白质粉正品男性女性补品植物蛋白粉官方旗舰店营养粉,474,95
天猫超市,汤臣倍健小金罐蛋白质粉乳清成人男女性增强蛋白营养粉官方正品店,369,95
天猫国际自营全球超级店,【自营】2罐装美国雀巢健康科学蛋白补227g/罐白蛋粉乳增肌营养粉,248,95
万有引力运动补剂,诺特兰德iso分离乳清蛋白质粉whey健身运动增肌男女纯分离乳清5磅,339,95
央企控股凯泰生物活性肽,北京凯泰深海鱼皮胶原蛋白肽粉500克600道高纯度小分子肽活性肽粉,28,95
七狼星旗舰店,氨基酸蛋白质粉增强补营养中老年人搭免疫力送父母官方旗舰店正品,70,96
阿里健康大药房,术后恢复营养品蛋白质粉 增强免疫力蛋白粉中老年人女性骨质疏松,268,97
澳佳美医疗器械专营店,swisse斯维诗乳清蛋白质粉营养男女性孕妇塑形健身中老年非分离,147,97
豹哥的补剂店,豹哥补剂 肌肉科技白金乳清蛋白粉增肌粉食品男女健身蛋白质粉5磅,238,97
大师兄运动营养,OXYENERGY氧气能量乳清蛋白质粉试用装非ISO分离乳清whey粉健身食,37,97
卡姆大叔大肌店,YAMAMOTO超能全效乳清蛋白质粉增肌健身运动补剂动物蛋白粉4.4磅,568,97
绿巨人健身健美用品,意大利YAMAMOTO超能分离乳清蛋白粉ISO-FUJI健身男女分离蛋白质粉,678,97
滔杰运动营养,拾氧女性蛋白粉左旋肉碱健身营养运动代餐女士专属乳清蛋白质粉,129,97
直销特卖超市总店,宝健出品宝健牌复合蛋白质粉固体饮料450g桶装宝健蛋白粉正品,149,97
goldensun金日旗舰店,金日牌高钙全乳清蛋白质粉礼盒装健身乳清蛋白粉中老年蛋白营养粉,328,98
mckin麦金利旗舰店,麦金利蛋白质粉增强免疫力儿童中老年女性蛋白粉营养品官方旗舰店,249,98
organika海外旗舰店,Organika奥加尼卡纯美胶原蛋白肽美颜美容水解小分子精华正品200g,208,98
澳依咔旗舰店,旭玖康分离乳清蛋白粉术后恢复营养品水解动物蛋白质营养粉老年人,458,98
百姓药堂保健食品,汤臣倍健蛋白质粉双蛋白营养粉增强中老年人免疫力正品官方旗舰店,174,98
德爱堂大药房旗舰店,汤臣倍健 蛋白粉600g礼盒 (450g+150g)蛋白质粉营养品 750g蛋白粉,55,98
铸塔保健品专营店,六星高能氮泵体考肌肉科技氮泵健身爆发力耐力跑步搭肌酸bcaa,49,98
卓兴保健品大卖场,汤臣倍健yep胶原蛋白液5G升级7袋/盒态饮口服液小分子肽粉精华,48,98
KEEP MOMENT直营店企业店,KEEP MOMENT双重乳清蛋白粉KM乳清蛋白健身补充剂战1营养粉试用装,19,99
阿里健康大药房海外店,GLGFAS术后恢复营养品速愈素化疗后免疫力调节乳清蛋白粉,282,99
安宗堂旗舰店,汤臣倍健官方旗舰店官网食品级乳清蛋白质粉老年人增强免疫力正品,79,99
百革大药房旗舰店,1kg乳清蛋白质粉中老年人增强蛋白粉营养品官方旗舰店正品免疫力,88,99
叮迷保健品专营店,同仁堂进口乳清高蛋白质粉女性增强免疫力提高老人营养旗舰店正品,88,99
湖南瑞姿生物科技有限公司,全效综合弹性胶原蛋白肽天然虾青素神经酰胺谷胱甘肽抗糖 60天量,198,99
胶原妹妹,买2送1 鲣鱼弹性蛋白肽30天量弹力蛋白水解鱼胶原蛋白粉伴侣挪威,125,99
康恩贝官方旗舰店,400g*2罐礼盒*2盒康恩贝 蛋白粉植物乳清中老年人送礼增强免疫力,366,99
天猫超市,同仁堂蛋白粉中老年人女性营养增强蛋白质粉免疫力礼品旗舰正品店,109,99
天猫国际健研馆,【自营】雀巢健康科学乳清蛋白质粉增肌粉补充营养粉227g罐分离,128,99
远子的补剂铺,ON奥普帝蒙肌酸粉300g一水肌酸蛋白粉健身增肌粉男爆发力耐力增肌,75,99
ANNA海外优选,美国安利纽崔莱蛋白质粉增强孕妇儿童中老年人免疫营养粉官方正品,175,100
AXXZIA海外旗舰店,【专属】AXXZIA晓姿AGX  30支/1盒,2500,100
BANNYDEER旗舰店,BD能量必第分离乳清蛋白粉4磅健身增肌蛋白质粉非肌酸氨基酸赛霸,259,100
Bioe营养健康海外旗舰店,bioe燕窝胶原蛋白奶粉小分子肽粉液态饮正品旗舰店澳洲原装进口,194,100
Chodown肆吃补剂,肌肉科技六星谷氨酰胺粉击退酸痛加速恢复健身运动补剂增蛋白粉,45,100
Codeage海外旗舰店,Codeage复合水解胶原蛋白肽粉小分子肽精华饮口服内服正品567g*2,729,100
EPAPLUS海外旗舰店,epaplus西班牙骨粉骨胶原蛋白进口氨糖软骨素加钙钙片维骨力关节,199,100
everbuild旗舰店,EB健型增健肌粉乳清蛋白质粉健身瘦人健肌营养粉男女欧洲原装进口,238,100
EverCollagen海外旗舰店,EverCollagen韩国进口Ever小粉罐生物素低分子胶原蛋白片润肤保湿,228,100
FINEJAPANFINE海外专卖店,fine乳清蛋白粉增肌增重乳清蛋白质粉瘦人健身增肌粉男营养粉健肌,169,100
FINEJAPAN富正海外专卖店,FINE富正胶原蛋白肽粉日本小分子肽液态饮正品弹力肽胶原蛋白粉,125,100
hbuy海外旗舰店,澳佳宝抗糖丸美白丸内服阻糖片内调胶原蛋白去黄变白控糖全身饮VC,61,100
hbuy海外旗舰店,蛋白质粉中老年增强提高老年人蛋白免疫力粉营养品官方旗舰店正品,189,100
HENGJIL海外旗舰店,澳洲swisse胶原蛋白肽粉抗美颜液态饮正品官方旗舰店内服片衰老,46,100
KANGAOLAI,【抖音同款正品】中粮小分子肽蛋白质粉可益康植物双肽蛋白营养粉,128,100
lomon海外专营店,美国安利纽崔莱蛋白质粉450g多种天然植物营养儿童成人中老年进口,208,100
Lumi旗舰店,Lumi胶原蛋白液态饮正品小分子肽粉精华饮品蛋白肽口服液饮品,59,100
Lumi旗舰店,Lumi胶原蛋白粉液态饮正品小分子肽粉口服液精华饮品官方旗舰30袋,49,100
Lumi旗舰店,lumi胶原蛋白液态饮正品口服液小分子肽粉口服液精华饮品旗舰45瓶,649,100
Mama Mujer旗舰店,张沫凡MamaMujer乌飞姿Pro豌豆苗三文鱼蛋白肽酵母饮口服胶原蛋白,259,100
Maxines海外旗舰店,Maxines女性蛋白粉澳洲健身运动burn蛋白营养粉分离乳清蛋白质粉,229,100
mckin麦金利旗舰店,麦金利乳铁蛋白质粉乳清蛋白粉提高儿童大人增强免疫力官方旗舰店,228,100
meiji明治食品旗舰店,meiji明治 SAVAS匝巴斯进口乳清蛋白运动营养粉21g*2袋试用体验装,9,100
Metcash官方海外旗舰店,Orgain傲感草饲牛胶原蛋白肽粉小分子水解精华饮品美国原装进口,219,100
MH健身健康馆,Maxines蛋白粉女性专属 澳洲burn蛋白营养含左旋肉碱代餐饱腹,209,100
MinKiKi小店,康宝莱蛋白粉 优质蛋白质营养粉 免疫力 营养代餐  国产正品,170,100
MuscleLAB,意大利YAMAMOTO超分离乳清蛋白粉ISO-FUJI健身运动拒绝乳糖不耐受,648,100
MuscleLAB,ALLMAX分离乳清蛋白粉ISOFLEX天然乳清零乳糖0脂肪碳蛋白质营养粉,338,100
MuscleLAB,加拿大MUTANT铁血魔兽WHEY四核乳清蛋白粉健身运动增肌蛋白质营养,275,100
muscletech官方旗舰店,Muscletech肌肉科技正氮乳清蛋白粉蛋白质营养粉增健肌粉男5磅,398,100
Muscletech海外旗舰店,肌肉科技进口一水肌酸男女健身增肌爆发力耐力蛋白粉非氮泵,288,100
muscletech旺亿专卖店,肌肉六星益生菌增肌粉科技纯乳清蛋白质粉健身瘦人增肌增重健肌粉,74,100
MUSCLETECH运动营养旗舰店,肌肉科技白金乳清蛋白粉健身蛋白质粉增肌粉whey官方旗舰店正品,278,100
mutant海外旗舰店,MUTANT铁血魔兽乳清蛋白粉健身增肌男女蛋白质营养粉分离乳清蛋白,438,100
mutant海外旗舰店,下单请搜索【MUTANT旗舰店】铁血魔兽分离乳清蛋白粉5磅/拍1发8,598,100
MyproteinCend海外专卖店,2.2磅乳清 Myprotein熊猫乳清蛋白粉健身增肌蛋白质营养粉健肌粉,200,100
Myprotein海外旗舰店,5.5磅Myprotein增肌配方粉瘦人增重复合蛋白增肌粉熊猫乳清蛋白粉,240,100
ON奥普帝蒙海外旗舰,ON奥普帝蒙 金标乳清蛋白粉WHEY 健身男女增肌增重 美国进口 2磅,278,100
orgain海外旗舰店,【囤货3罐】美国Orgain胶原蛋白肽粉小分子口服水解饮品,760,100
PEAKOCEAN海外专营店,ON奥普帝蒙/金标分离乳清蛋白粉5磅 健身增肌粉 美国原装进口,688,100
prosupps旗舰店,海德力分离乳清蛋白质粉增肌健肌粉健身运动男营养粉whey,149,100
rzlaat免疫素品牌店,RZLAAT免疫球蛋白素疗化放后营养补品病人术后恢复奶粉蛋白粉30袋,490,100
rzlaat免疫素品牌店,RZLAAT免疫球蛋白素疗化放后营养术后恢复升血白奶粉营养粉120袋,1490,100
Swisse澳洲进口折扣馆,澳洲Swisse斯维诗乳清蛋白粉术后恢复营养品中老年无糖蛋白粉成人,208,100
swisse官方旗舰店,Swisse斯维诗乳清蛋白粉中老年营养品女性蛋白营养粉官方旗舰店,329,100
swisse自然美专卖店,swisse斯维诗胶原蛋白肽粉小分子美颜抗衰老玻尿酸美白美容补品饮,39,100
TOP膳食营养自营店,诺特兰德女士蛋白粉乳清蛋白粉女士健身官方旗舰正品店,49,100
ultraperformance旗舰店,UP训练怪兽酪蛋白粉缓释乳清蛋白睡前训练补剂持续酪蛋白粉,253,100
ultraperformance旗舰店,UP训练怪兽黑钻乳清蛋白粉便携单支装whey增健肌高蛋白质粉小袋装,113,100
VitalProteins保健品海外旗舰店,囤货Vital Proteins美国进口雀巢大蓝罐胶原蛋白肽粉567g3罐,1279,100
webbernaturals海外旗舰店,Webber Naturals伟博天然加拿大进口小分子胶原蛋白多肽粉150g,298,100
wildfieldhealth旗舰店,WFH荒野健康乳清蛋白粉5.3磅健身动物蛋白质粉瘦人增重whey增肌粉,638,100
wildfieldhealth旗舰店,WFH荒野健康乳清蛋白粉便携女蛋白质粉whey代餐健身增肌粉小袋装,248,100
WINPOWERNUTRITION旗舰店,wp海贼王联名奥力乳清蛋白粉进口健身运动补剂蛋白质粉5磅whey粉,219,100
阿里健康大药房,同仁堂蛋白质粉中老年人增强免疫力女性蛋白营养品官方旗舰店正品,128,100
阿里健康大药房,阿胶燕窝胶原蛋白肽官方旗舰店正品片粉液态饮小分子抗美白衰老女,39,100
阿里健康大药房,氨基酸口服液老年人营养品补品非蛋白粉提高增强免疫力送礼礼盒,168,100
阿里健康大药房,同仁堂蛋白粉中老年人营养蛋白质粉增强免疫力女姓官方旗舰店正品,59,100
阿里健康大药房,Swisse斯维诗乳清蛋白粉助力加强全家自护力【效期】2024.09,249,100
阿里健康大药房,肌肉科技六星益生菌乳清蛋白质粉5磅增肌塑形运动健身乳清蛋白粉,128,100
阿里健康大药房,仁和蛋白粉中老年人女性营养品增强蛋白质粉免疫力官方旗舰店正品,39,100
阿里健康大药房,汇仁蛋白粉营养蛋白质粉增强中老年人官方旗舰店正品非免疫力补品,99,100
阿里健康大药房,北京同仁堂高蛋白粉中老年人女性乳清蛋白质营养粉官方旗舰店正品,59,100
阿里健康大药房,蛋白粉非乳铁蛋白提高免疫力儿童蛋白质粉抵抗力营养粉青少年学生,79,100
阿里健康大药房,Muscletech肌肉科技零度分离乳清蛋白粉健身增肌粉乳清蛋白质whey,298,100
阿里健康大药房,同仁堂蛋白粉营养蛋白质粉增强免疫力中老年人女官方旗舰店正品,129,100
阿里健康大药房,养生堂蛋白粉营养乳清蛋白质粉中老年增强免疫力官方旗舰店正品,468,100
阿里健康大药房海外店,澳洲NaturesWay澳萃维大豆蛋白质粉佳思敏增强中老年思敏营养粉,93,100
爱昔俱乐部,康宝莱蛋白粉康宝莱奶昔正品官网俱乐部原装正品康宝莱蛋白营养粉,176,100
安琪纽特旗舰店,安琪纽特酵母蛋白质粉中老年营养食品成人混合乳清蛋白粉 500g,123,100
安宗堂旗舰店,汤臣倍健官方旗舰店官网蛋白质粉正品乳清蛋白粉老年人增强免疫力,145,100
安宗堂旗舰店,swisse斯维斯乳清蛋白粉女性免疫力中老年蛋白质粉官方旗舰店正品,149,100
傲凡良品,法国原料口服胶原蛋白肽伴侣 针叶樱桃复合粉  天然维生素C 25天,34,100
傲凡旗舰店,【雨辰专属】傲凡简装 多维鱼胶原蛋白粉 抑制糖化弹性蛋白25天量,448,100
奥健补剂,马泰时刻whey乳清蛋白粉特价捡漏非临期北欧欧普诺特蛋白增肌粉,85,100
奥健补剂,STT怪兽乳清蛋白粉WHEY增肌粉蛋白质营养粉非北欧诺特欧普金标,143,100
奥健补剂,STT怪兽分离增肌粉5磅10磅健肌粉健身健美瘦人增重乳清蛋白质粉,68,100
奥威特保健品专营店,肌肉科技分离乳清蛋白粉1.6磅乳糖不耐受男女健身分离蛋白质粉,278,100
澳品味海外专营店,美国安利纽崔莱蛋白质粉豌豆小麦免疫力植物蛋白粉美国原装进口,205,100
白云山星群品牌直营官方店,白云山星群蛋白质粉高钙无蔗糖成人中老年人蛋白粉增强营养免疫力,92,100
百信大药房旗舰店,汤臣倍健乳清蛋白质粉蛋白营养粉女性老年人免疫力官方正品旗舰xk,150,100
柏佳康大药房旗舰店,儿童钙铁锌成长蛋白质粉官方旗舰店正品增强营养搭免疫力增高牛奶,78,100
柏佳康大药房旗舰店,胶原蛋白肽液态饮燕窝VC官方旗舰店正品口服液女小分子肽粉饮品,117,100
柏佳康大药房旗舰店,北京同仁堂蛋白质粉中老年人营养粉补品增强免疫力官方旗舰店正品,98,100
阪美滋补养生专营店,阪美鱼胶原蛋白水解粉非液态饮精华小分子肽粉坂美冲剂,248,100
棒妈德国优选,现货德国雀巢Vital proteins水解小分子草饲精华纯牛胶原蛋白肽粉,177,100
保健品专供正品直销企业店,安利纽崔莱蛋白质粉多种植物蛋白营养粉增强孕妇中老年成人免疫力,495,100
豹哥的补剂店,豹哥补剂 肌肉科技白金乳清蛋白粉增肌粉食品男女健身蛋白质粉5磅,238,100
豹哥的补剂店,豹哥补剂 美国优恩UN分离乳清蛋白质粉健身增肌瘦人增重进口5磅,398,100
豹哥的补剂店,豹哥补剂 Myprotein 熊猫乳清whey蛋白质粉运动健身增肌粉5.5磅,198,100
豹哥的补剂店,ALLMAX天然分离乳清蛋白粉 ISOFLEX健身增肌无糖蛋白质营养粉5磅,638,100
北欧海盗旗舰店,北欧海盗增肌粉瘦人增肌增重乳清蛋白质粉健身蛋白粉8磅,228,100
北欧海盗旗舰店,VIKING北欧海盗分离乳清蛋白质粉5磅 健身增健肌粉男女蛋白营养粉,587,100
北欧海盗旗舰店,北欧海盗分离牛肉乳清蛋白粉增肌健身男运动乳清蛋白质粉,1115,100
北同大健康店,同仁堂蛋白粉乳清蛋白增强免疫易吸收中老年人蛋白质粉官方正品,46,100
北同大健康连锁,北京同仁堂燕窝烟酰胺胶原肽蛋白肽粉水解口服官方旗舰店官网正品,19,100
兵王的补剂营,黑钻UP训练怪兽蛋白乳清蛋白粉增肌粉男女健身训练运动高蛋白质粉,229,100
铂品健康旗舰店,铂品浓缩乳清蛋白粉健身补剂增重高蛋白质营养粉wpc80,73,100
铂品健康旗舰店,铂品增肌粉乳清蛋白质粉瘦人增重补充营养健肌男女健身补剂进口粉,19,100
不吃糖健康零食,适合期低脂的肉食低脂肪去皮鸡腿开袋即食饱腹代餐配主食荞麦面,22,100
草本上品,美国国产康宝莱奶昔蛋白粉代餐蛋白质营养粉饱腹食品套餐正品官网,183,100
草本上品,美国嘉康利旗舰店蛋白粉非奶昔植物营养粉女性安原装进口官网正品,245,100
草本上品,国产嘉康利大豆蛋白粉 蛋白质营养粉官网官方正品旗舰非代餐奶昔,224,100
草本上品,国产嘉康利奶昔官网旗艦店正品营养代餐饱腹食品纤奇奶昔蛋白质粉,269,100
超人 补剂,临期捡漏特价诺特兰德北欧5磅增肌粉健身健肌增重mass乳清蛋白粉,38,100
超人 补剂,OXYENERGY氧气能量乳清蛋白质粉whey分离乳清塑身健身增肌粉5磅,54,100
超人 补剂,OXYENERGY氧气能量乳清蛋白粉健身瘦人增肌粉健肌男蛋白质便携装,180,100
成宝工厂食品,南京同仁堂复合氨基酸蛋白质粉免疫力中老年人北京滋补营养粉增强,158,100
橙子老板,韩国nutrione全智贤BB LAB口服低分子鱼胶原蛋白水解粉抗衰林允儿,99,100
宠洛洛医药旗舰店,XC香港养生堂益生菌高钙驼奶蛋白粉中老年儿童,169,100
宠洛洛医药旗舰店,L香港养生堂益生菌高钙驼奶蛋白粉中老年儿童,169,100
初元保健品旗舰店,江中初元人参蛋白质粉补品营养品送礼长辈老年人免疫力蛋白粉礼盒,98,100
初元保健品旗舰店,江中初元蛋白粉多维高钙蛋白质粉中老年人免疫力成人营养品送礼盒,79,100
纯芙官方企业店,纯芙胶原蛋白肽粉正品天然小分子鱼胶原蛋白液态饮精华粉60袋/2盒,198,100
大牌营养食品店,【热巴同款】Swisse斯维诗胶原蛋白肽水光粉口服玻尿酸小分子肽28,64,100
大师兄运动营养,桶型蛋白粉粉盒便携健身药盒补剂大小粉盒摇漏斗分装瓶,9,100
大唐驾到,捷克正品鳕鱼胶原蛋白钛提拉紧致100%纯小分子胶原蛋白粉填充面部,425,100
大众佳 保健食品店,共900g汤臣倍健蛋白粉150gX6罐中老年男女营养含乳清大豆双蛋白,245,100
德兰食品专营店,驼奶蛋白质粉新疆伊犁骆驼奶粉正宗正品中老年无糖益生菌高钙营养,158,100
德兰食品专营店,牛初乳蛋白粉益生菌增强营养粉保健补品官方旗舰店正品蛋白质粉,158,100
德兰食品专营店,骆驼奶粉新疆伊犁益生菌补品正宗成人中老年人蛋白质高钙营养粉,158,100
德兰食品专营店,蛋白质粉老年人中老年无糖补蛋白粉术后增强营养粉礼品保健,158,100
德兰食品专营店,牛初乳蛋白质粉益生菌增强营养粉补品保健官方旗舰店正品蛋白粉,158,100
德兰食品专营店,增肥产品蛋白质粉瘦人长肉增重变胖高营养品配方益生菌保健品快速,158,100
德玫尔企业店,纯胶原蛋白肽粉活性小分子易吸收德国进口原料非液体减皱水润补水,29,100
狄马泰斯旗舰店,狄马泰斯ISO100水解分离乳清蛋白质营养粉whey增健肌粉男女1.4磅,369,100
迪卡侬旗舰店,迪卡侬肌酸健身补剂谷氨酰胺蛋白粉爆发耐力非氮泵BCAA END1,169,100
迪卡侬旗舰店,迪卡侬蛋白粉分离乳清蛋白质粉低脂健身男女临期 END1,299,100
叮迷保健品专营店,儿童钙铁锌成长蛋白质营养粉旗舰店增强搭增高奶粉免疫力牛奶正品,85,100
叮迷保健品专营店,益生菌蛋白质粉官方旗舰店正品中老年人增强营养搭免疫力调理肠胃,118,100
冻森活旗舰店,冻森活 小分子胶原蛋白肽口服液态饮粉 烟酰胺pqq官方旗舰店正品,110,100
都市贝贝母婴奶粉店,23年3-5月产雅培全安素全营养配方粉蛋白香草麦香中老年奶粉900g,208,100
哆哆的健身宝藏铺子,谷本日记蛋白棒豆乳高纤维代餐饱腹抗饿能量棒运动营养健身零食品,12,100
二宝麻麻澳洲寻宝,澳洲vida glow天然胶原蛋白肽粉深海鱼胶原蛋蛋白水解粉女正品饮,328,100
粉粉搬运工,包邮美国进口Hilmar速溶wpc80健身增肌饱腹感纯乳清蛋白质粉,123,100
粉粉搬运工,美国进口9410速溶wpi90健身增肌增重饱腹感分离乳清蛋白质营养粉,195,100
丰禾力健食品专营店,BSN乳清蛋白质粉Syntha-6六重矩阵蛋白粉运动健肌whey健身复合5磅,278,100
福瑞达保健品旗舰店,【天猫U享礼】福瑞达gobuty胶原蛋白肽粉液态饮透明质酸钠烟酰胺,9,100
福瑞达保健品旗舰店,【顺手买一件】福瑞达gobuty胶原蛋白肽饮玻尿酸维生素烟酰胺,69,100
福瑞达保健品旗舰店,【U先直播福利】福瑞达gobuty胶原蛋白肽液饮玻尿酸维生素烟酰胺,69,100
富邦骏保健品专营店,益生菌增肥增胖高脂肪男女瘦人增肌长肉变胖调理肠胃高蛋白质奶粉,93,100
港品自营店,胶原蛋白美颜胶囊口服纯肽粉水解片液态饮抗亢衰老官方旗舰店正品,229,100
港品自营店,胶原蛋白美颜胶囊肽粉小分子片液态饮口服抗亢衰老官方旗舰店正品,229,100
宫诺旗舰店,骨肽粉牦牛骨髓可搭壮骨钙补品骨折术后恢复送父母中老年人营养品,168,100
国际进口保健食品,新西兰进口奈氏力斯高蛋白营养粉中老年复合蛋白质粉低糖营养品,206,100
国信大药房旗舰店,北京同仁堂老年无糖蛋白营养粉糖尿人专用女性官方旗舰店正品2fl,88,100
国药健康品牌连锁店,北京同仁堂蛋白质粉中老年人女性增强营养免疫力官方旗舰店正品,29,100
国药舰期店,北京同仁堂金奥力牌蛋白质粉老年人增强营养免疫力官方旗舰店正品,37,100
哈药官方旗舰店,哈药胶原蛋白肽饮品小粉瓶口服液液态饮玻尿酸小分子精华饮正品,169,100
海力生官方企业店,海力生乳清蛋白粉固体饮料 80%高蛋白 成人中老年 术后恢复,195,100
海王星辰大药房旗舰店,汤臣倍健蛋白粉450g/600g罐优质双蛋白大豆分离蛋白,206,100
汗宇正品运动补剂店高端品,BD能量乳清蛋白健身蛋白质粉抹茶味男女用非赛霸蛋白粉增肌粉5磅,99,100
好品堂官方企业店,【喝出嫩白肌】燕窝胶原蛋白粉女性美颜嫩肤补水10g*30袋蛋白质粉,56,100
昊裕优生活小铺,国产安利纽崔莱多种植物蛋白粉770克g国产安利蛋白质营养粉包邮,437,100
浩浩妈体重管理俱乐部,国产康宝莱奶昔蛋白质粉康宝莱牌官网旗艦店正品代餐奶昔健身增肌,168,100
禾颐物语健康管理,共450g汤臣倍健蛋白粉乳清蛋白质粉增强儿童孕妇中老年免疫力营养,121,100
湖南瑞姿生物科技有限公司,法国罗赛洛Peptan鱼胶原蛋白肽粉   Rousselot 深海鱼胶原蛋白肽,208,100
花蜜瑶旗舰店,DHA蛋白质营养粉儿童学生青少年增强搭记忆力补脑免疫力奶粉正品,103,100
辉哥补剂店,UP训练怪兽黑钻乳清蛋白粉高蛋白营养粉训练增健肌粉向上星球whey,229,100
慧诺食品商行,【2罐共800克】康恩贝蛋白质粉乳清蛋白粉双蛋白中老年蛋白粉补品,63,100
火山运动营养,肌肉科技白金乳清蛋白粉质健肌粉男女健身增肌肌肉营养粉5美国进,188,100
火山运动营养,CTD冲肌波乳清蛋白粉Whey果粒蛋白健肌粉冲击波成人健身6磅非熊猫,190,100
火山运动营养,VIKING北欧海盗牛肉分离蛋白粉质分离乳清蛋白粉增肌粉健身粉男女,275,100
佳莱福保健食品旗舰店,红枣阿胶蛋白质粉可搭滋补调理美容养颜增强女性气血免疫力营养品,69,100
嘉航保健食品馆,热巴同款 Swisse斯维诗乳清蛋白粉香草味补充蛋白质成人蛋白450克,139,100
嘉忆堂大药坊,【拍1发2】百合康牌蛋白粉中老年学生青少年免疫力蛋白质粉送钙片,138,100
健邦特运动营养,肌肉科技白金乳清蛋白粉5磅健身男女增肌粉乳清蛋白质营养粉,188,100
健恒保健食品专营店,初元高钙蛋白粉礼盒中老年补品营养品送礼品送长辈父母节日正品,69,100
健康养生营养品蛋白粉蛋白质粉,【65元发2罐】南京同仁堂中老年高钙蛋白质粉营养粉蛋白粉补品,65,100
健康养生营养品蛋白粉蛋白质粉,营养高钙蛋白质粉儿童中老年人学生营养乳清蛋白粉营养粉礼品袋盒,98,100
健乐多官方旗舰店,健乐多女性纤能蛋白粉健身乳清蛋白营养粉女运动轻代餐蛋白质粉男,77,100
健乐多官方旗舰店,健乐多乳清蛋白粉分离乳清蛋白运动健身增肌蛋白质粉营养男女瘦人,98,100
健乐多官方旗舰店,健乐多分离乳清蛋白运动增肌蛋白粉乳清蛋白成人男女性健身增肌粉,268,100
健美黑军健美补剂正品店,海德力乳清蛋白质粉增肌粉健肌男女增粉健身营养分离乳清whey 5磅,168,100
健身小肥军,ON欧普特蒙金标分离乳清蛋白粉健身男女奥普帝蒙5磅WHEY蛋白质粉,678,100
健身小肥军,健身小肥军on蛋白质粉欧普特蒙金标乳清蛋白粉奥普帝蒙美国2磅,248,100
健身一族补剂,乳清蛋白粉增肌粉袋装动物原料wpc 80食品级临期分离蛋白质粉蛋粉,55,100
江中健康优选,同仁堂复合氨基酸蛋白质粉儿童成人中老年人免疫力抵抗增强营养品,47,100
锦虹生物科技,新西兰浓缩wpc80乳清蛋白粉wpl90分离乳清蛋白粉健身运动粉原粉,13,100
进口/国产保健品精品店,汤臣倍健蛋白粉450g600g男女增强免疫大豆乳清双蛋白质中老年粉,123,100
靓极旗舰店,华北制药牛初乳蛋白质粉儿童中老年人乳清高钙免疫力益生菌蛋白粉,158,100
九芝堂奥盈专卖店,九芝堂胶原蛋白肽液态饮燕窝阿胶小分子肽粉口服液正品官方旗舰店,78,100
开心健身原料,浓缩速溶乳清蛋白粉健身补剂WPC80增重增肌粉高蛋白质营养粉WPI90,52,100
开心健身原料,谷氨酰胺健身氨基酸L-谷氨酰胺运动健身补剂增肌粉蛋白粉包邮,14,100
凯利优品店,正品浓缩wpc80乳清蛋白粉wpl90分离乳清蛋白粉增重增肌健身粉原粉,15,100
康宝莱严选俱乐部,国产正品康宝莱官网奶昔蛋白营养粉代餐饱腹官方旗舰店官网,235,100
康比特官方旗舰店,【新人尝鲜 】康比特88%高蛋白分离乳清蛋白增肌低脂蛋白质粉健身,7,100
康比特官方旗舰店,康比特益生菌增肌粉瘦人增重增肌乳清蛋白质粉健肌粉健身男女运动,278,100
康比特骑士健身品牌店,康比特 CPT sf增肌粉乳清蛋白 三重碳水矩阵吸收更易吸收2270g,145,100
康比特骑士健身品牌店,康比特 CPT 经典果粒乳清蛋白粉 健身运动营养补充增肌2磅包邮,138,100
康比特体育科技旗舰店,康比特乳清蛋白粉健身增肌粉男女低脂分离乳清蛋白质粉官方旗舰店,478,100
康比特体育科技旗舰店,【特价秒杀】康比特蛋白粉运动健身蛋白粉质粉,15,100
康比特体育科技旗舰店,康比特分离乳清蛋白粉男女健身增肌粉低脂88%高蛋白4磅官方旗舰店,578,100
康恩贝官方旗舰店,康恩贝乳清营养蛋白粉蛋白质粉增强免疫力女性老年人营养补品正,109,100
康莱食品,WPC80浓缩速溶WPI90分离速溶乳清蛋白粉男女健身增肌增强体质原粉,59,100
康麦斯旗舰店,进口乳铁乳清动物蛋白质粉增强免疫力球儿童成人男女性中老年原装,238,100
康美健身补剂,康比特分离乳清蛋白质粉便携试用装男健身纯whey蛋白增肌粉小袋装,48,100
康民保健食品企业店,2罐发900g汤臣倍健蛋白质粉乳清植物双蛋白儿童孕妇中老年营养粉,115,100
康昔莱乐瘦身俱乐部,美国安利纽崔莱蛋白质粉美版多种植物蛋白质粉销往马来900g/450g,169,100
科纳德保健品专营店,钙铁锌牛初乳蛋白质粉官方旗舰店正品儿童增强营养搭免疫力营养粉,107,100
空空正品补剂店,肌肉科技六星增肌粉益生菌3磅蛋白质粉瘦人增重健肌瘦子增肌乳清,37,100
空空正品补剂店,康比特乳清蛋白粉3磅79%蛋白小磅数乳清康比特两磅乳清增肌SF乳清,170,100
蓝鲸时代运动营养,诺特兰德女士乳清蛋白质粉健身蛋白营养粉女性官方旗舰店正品官网,49,100
朗臣健益旗舰店,孕妇蛋白质粉孕期专用怀孕叶酸营养补品备孕乳清蛋白营养粉无蔗糖,277,100
朗臣健益旗舰店,孕妇蛋白质粉怀孕胶原蛋白备孕营养品孕早期专用中晚期乳清蛋白粉,277,100
老字号总店铺,汤臣倍健蛋白粉乳清蛋白质营养粉中老年增强官方旗舰店免疫力正品,56,100
老字号总店铺,康恩贝蛋白粉乳清蛋白质营养粉中老年增强官方旗舰店免疫力正品,69,100
乐家康,汤臣倍健蛋白粉免疫力蛋白营养粉女中老年人儿童成人增强无糖补品,125,100
乐家康,汤臣倍健蛋白粉蛋白营养粉免疫力中老年人儿童孕妇增强官方旗舰店,228,100
乐家康,汤臣倍健蛋白营养粉女性增强中老年人蛋白粉免疫力儿童官方旗舰店,158,100
乐力保健食品旗舰店,乐力益生菌蛋白质粉中老年人老人营养品成人补品送父母高钙蛋白粉,49,100
力存旗舰店,力存 倍益速 乳清蛋白粉 术后营养品 蛋白质肠内粉剂 营养粉,268,100
力存旗舰店,力存优太 特殊医学用途全营养配方食品术后营养品 水解乳清蛋白粉,468,100
利乾保健品专营店,北京同仁堂蛋白粉官方旗舰店中老年人浓缩乳清蛋白质粉增强免疫力,78,100
琳姐补剂丨凯文莱弗隆直营店,熊猫Myprotein分离乳清蛋白质粉5.5磅营养健身增肌粉2.2磅蛋白粉,65,100
琳姐补剂丨凯文莱弗隆直营店,诺特兰德TG增肌粉乳清蛋白质粉瘦人健身增重肌营养粉健肌粉男正品,22,100
六二八保健品专营店,初元人参蛋白营养粉老人营养食品礼盒营养品送礼长辈送父母免疫力,50,100
六星旗舰店,肌肉科技六星益生菌增肌粉乳清蛋白粉瘦人健身增肌营养粉增重男,168,100
撸铁行动队,康比特益生菌增肌粉纯乳清蛋白粉男瘦人增肌增重蛋白质粉官方旗舰,69,100
绿巨人健身健美用品,ON欧普特蒙蛋白粉5磅金标乳清蛋白质粉运动健身男女奥普帝蒙补剂,248,100
绿巨人健身健美用品,意大利YAMAMOTO超能纯乳清蛋白粉Whey增肌男分离蛋白质粉健身补剂,568,100
马泰时刻旗舰店,马泰时刻乳清蛋白粉5磅whey分离蛋白质粉男女健身增肌粉瘦人增重,249,100
玛丽安娜旗舰店,益生菌驼奶粉蛋白质粉学生儿童中老年人青年男女性乳清蛋白营养粉,229,100
麦斯通保健用品专营店,儿童乳铁乳清蛋白质营养粉增强搭官方旗舰店免疫力青少年提高大人,51,100
玫丽到家①号督导店,玫琳凯怡日健胶原蛋白肽固体饮料胶原蛋白粉水解口服液态官方正品,107,100
美盾旗舰店,官方旗舰店益生菌驼乳营养粉320g蛋白营养粉美盾正品驼乳营养粉,299,100
美国正品Puritans Pride NEOCELL代购,现货包邮美国进口NeoCell水解胶原蛋白粉小分子专业胶原蛋白肽,98,100
美凯威官方企业店,分离乳清蛋白粉500克wpi90美国进口Hilmar9410蛋白质粉健身增肌粉,119,100
美凯威官方企业店,一水肌酸200克健身补剂增力增肌粉爆发力耐力肌酸 搭配乳清蛋白粉,39,100
美凯威官方企业店,碳水化合物500克健身运动瘦人增胖增肥增重增肌粉省乳清蛋白质粉,19,100
美莱健保健食品旗舰店,美莱健蛋白质粉中老年人营养植物乳清男女性孕妇营养品补品官网,59,100
美商保健商行,中国嘉康利香草大豆蛋白粉香草蛋白粉增强体质补充蛋白质营养粉,225,100
美少女健康饮食,脱脂纯牛奶奶粉减肥专用高蛋白高钙无糖0低脂肪伊利男女正品老少,34,100
美媛春官方旗舰店,美媛春胶原蛋白液态饮正品口服液精华饮品旗舰店小分子弹性肽粉,188,100
喵喵猫915,捷克collamedic胶原蛋白粉肽剂cm冰川鳕鱼1OO%纯胶42天易吸收饱满,425,100
名人补剂,名人补剂Muscletech肌肉科技金标正氮乳清蛋白粉分离增肌粉男健身,175,100
名人补剂,名人补剂北欧海盗水解牛肉蛋白粉健身增肌粉分离乳清蛋白质粉,275,100
名人补剂,Muscletech肌肉科技零度分离乳清蛋白粉4磅男女健身增肌营养进口,155,100
名人补剂,名人补剂北欧海盗分离乳清蛋白粉健身增肌粉男运动蛋白质粉VIKING,343,100
名人补剂,名人补剂OXYENERGY氧气能量乳清蛋白粉5磅男女健身增肌粉蛋白质粉,185,100
名人补剂,名人补剂康比特分离乳清蛋白粉 炽金cpt运动蛋白质粉纯健身增肌粉,278,100
名人补剂,奥普帝蒙ON乳清蛋白粉男运动健身欧普特蒙增肌粉金标分离蛋白质粉,468,100
名人补剂,名人补剂欧普特蒙on金标分离乳清蛋白粉健身男奥普帝蒙增肌粉进口,688,100
名人补剂,Muscletec肌肉科技蛋白粉白金5磅男运动乳清蛋白质粉健身增肌粉,380,100
名人补剂,北欧海盗一水肌酸300g爆发力耐力男女蛋白粉健身增肌粉补剂非氮泵,80,100
名人补剂,名人补剂马泰时刻乳清蛋白粉健身增肌粉男女运动分离蛋白质粉WHEY,85,100
木圣闻健康食化,弹性胶原三肽五合一多效复合胶原蛋白肽全面补充真皮层角质层营养,248,100
木圣闻健康食化,日本NIPPI鱼胶原蛋白肽胶原三肽深海红鲷鱼小分子易吸收拍二送一,93,100
木易木华保健品专营店,燕窝胶原蛋白质营养粉官方旗舰店正品增强搭女性免疫力补品送父母,78,100
奈力士健康食品店,新西兰原装进口奈氏力斯高蛋白质粉中老年免疫力术后营养恢复补品,205,100
奈力士食品旗舰店,【预售】新西兰进口乳清蛋白质粉高蛋白瘦人中老年补品免疫力营养,100,100
南北同堂连锁店,南京同仁堂中老年儿童男女性营养强化蛋白质粉乳清蛋白奶粉免疫力,128,100
南京同仁堂生物科技福记坊1号店,蛋白粉中老年营养粉儿童高钙益生菌蛋白质粉免疫力官方旗舰店正品,88,100
南京同仁堂自营网店,北京同仁堂胶原蛋白肽口服液燕窝海参粉正品女性白官网官方旗舰店,29,100
南纬11度全球购,澳洲Nature's Way佳思敏植物蛋白质蛋白粉健身女性成人中老年免疫,77,100
南纬11度全球购,斯维诗Swisse胶原蛋白肽粉血橙保健女士美养品容颜玻尿酸胶原蛋白,65,100
妞妞澳洲生活馆,斯维诗Swisse乳清蛋白粉健身增肌粉中老年增强体质免疫力蛋白质粉,157,100
妞妞澳洲生活馆,澳洲Nature's Way佳思敏植物大豆蛋白质粉速溶营养健身增肌蛋白粉,67,100
牛哥的补剂铺,诺特兰德双重乳清蛋白粉运动健身分离蛋白增肌粉5磅乳清蛋白质粉,53,100
纽迪希亚特医营养品旗舰店,新版纽太特深度水解乳清蛋白配方粉 食物蛋白过敏婴幼儿适用450g,338,100
纽斯葆旗舰店,纽斯葆蛋白质粉乳清动植物双蛋白中老年人增强免疫力营养成人男女,159,100
暖蔻旗舰店,暖蔻寇蛋白粉增强成人学生免疫球抵抗力营养乳清蛋白质粉正品旗舰,188,100
诺特兰德顶程专卖店,诺特兰德蛋白粉营养粉成人大豆植物蛋白质粉中老年官方旗舰店正品,29,100
诺特兰德鸿飞专卖店,诺特兰德支链氨基酸bcaa粉剂健身运动补剂蛋白增肌bacc氨肌酸氮泵,39,100
诺特兰德旗舰,诺特兰德支链氨基酸bcaa健身非乳清蛋白增肌粉官方旗舰店氮泵肌酸,29,100
诺特兰德旗舰,诺特兰德女士轻盈乳清蛋白粉蛋白质营养粉健身官方旗舰店正品,199,100
诺特兰德旗舰,诺特兰德增肌粉乳清蛋白质粉瘦人健身增肌营养重健肌粉男官方正品,169,100
诺特兰德旗舰,诺特兰德乳清蛋白粉蛋白质粉10磅健身增肌粉运动浓缩乳清营养粉,229,100
诺祯旗舰店,蛋白粉中老年成人男女性蛋白质营养粉官方旗舰店正品增强免疫力粉,59,100
品牌体验官,英贝健蛋白质粉官方旗舰店益生菌牛初乳蛋白粉1000g成人中老年人,69,100
七情谷保健品专营店,钙铁锌蛋白质粉中老年人增强搭免疫力补钙骨质疏松奶粉官方旗舰店,113,100
七香膳食海外购,美国安利纽崔莱蛋白质粉无糖型增强儿童孕妇体质中老年免疫营养粉,179,100
权baobaoの代购小铺,新款日本购明治胶原蛋白粉金装袋子透明196g替换装28日装包邮,169,100
雀草方滋补养生品牌店,典唯蛋白粉分离乳清增肌粉健身男女蛋白粉瘦人增肌增重蛋白质粉,156,100
雀巢健康科学海外旗舰店,雀巢蛋白补乳清蛋白质粉无糖增肌健身蛋白营养粉官方旗舰店1罐,128,100
雀巢健康科学特医食品旗舰店,雀巢肽敏舒特殊医学用途婴儿乳蛋白深度水解配方粉400g*4罐含乳糖,1472,100
雀巢健康科学特医食品旗舰店,雀巢佳膳悠选特殊医学用途全营养配方食品400g*6罐老人营养粉优选,1100,100
仁和保健食品旗舰店,仁和阿胶燕窝胶原蛋白片肽粉小分子精华液态口服饮品正品旗舰店,59,100
仁和滋补养生旗舰店,仁和燕窝胶原蛋白肽粉液态饮正品口服鱼小分子饮品官方旗舰店正品,49,100
瑞兰康保健品专营店,汤臣倍健蛋白粉蛋白质营养粉增强免疫力官方中老年人旗舰正品,58,100
瑞士天空,瑞士 swiss alp SAH女性水解胶原蛋白肽粉超声紧致嫩白抑氧化缓衰,998,100
润德大药房旗舰店,胶原蛋白肽液态饮燕窝VC官方旗舰店正品口服液女小分子肽粉饮品VD,118,100
赛霸旗舰店,赛霸高纯一水肌酸粉 健身增健肌补剂力量爆发力非bcaa氮泵蛋白粉,89,100
赛霸旗舰店,赛霸分离乳清蛋白粉2磅增健肌健身低脂高蛋白质粉官方旗舰店正品,199,100
赛霸旗舰店,赛霸乳清蛋白粉10磅袋装健身增健肌运动营养蛋白质粉官方旗舰店,419,100
森山官方旗舰店,铁山岗蛋白质粉固体饮料10g*50包铁盒装动植物复配蛋白粉补充营养,199,100
莎莎澳洲优选,澳洲Swisse蛋白粉纯乳清蛋白增肌粉成人蛋白中老年蛋白质粉斯维诗,146,100
善存官方旗舰店,善存老年人蛋白粉乳清蛋白质粉植物蛋白粉10g*24袋官方旗舰店正品,110,100
善存官方旗舰店,善存中老年人蛋白增强免疫力粉乳清蛋白质植物蛋白粉女性营养15袋,110,100
善力倍旗舰店,善力倍白蛋白 白蛋白肽 中老年术后营养补充口服液非人血白白蛋白,278,100
膳力达诺达正品店,膳力达德国进口动物短肽水解乳清蛋白质粉补品营养品粉送父母长辈,470,100
膳力达旗舰店,膳力达德国进口水解动物乳清蛋白粉短肽术后恢复中老年营养粉2盒,676,100
上健协严选店,马泰时刻乳清进口分离乳清蛋白粉高蛋白运动健身增肌粉临期乳清,78,100
上善保健食品专营店,B美盾 益生菌驼乳营养粉320g蛋白营养粉益生菌驼乳营养粉官方正品,299,100
尚动食品专营店,直播间专属福利  新粉尝新  汤臣倍健动植物双蛋白质粉150g,150,100
尚赫网络运营商,尚赫蛋白质粉尚赫牌蛋白质粉40袋正品4.5元一袋,168,100
尚睿海外专营店,新西兰Keyora进口深海鱼胶原蛋白美颜胶囊肽粉口服小分子弹性蛋白,149,100
深谷溪田旗舰店,深谷溪田益生菌驼奶蛋白粉学生中老年成人儿童早餐营养蛋白质粉,64,100
深谷溪田旗舰店,深谷溪田益生菌驼奶粉蛋白质粉儿童学生成人中老年男女营养粉,64,100
深谷溪田旗舰店,深谷溪田益生菌羊乳蛋白粉学生成人儿童中老年男女营养蛋白质粉,79,100
深谷溪田旗舰店,深谷溪田益生菌羊乳蛋白粉早餐儿童学生中老年营养蛋白质粉,79,100
深谷溪田旗舰店,深谷溪田益生菌驼奶蛋白粉学生中老年成人儿童早餐营养蛋白质粉,64,100
深谷溪田旗舰店,深谷溪田益生菌驼奶粉蛋白质粉儿童学生成人中老年男女营养早餐,64,100
深谷溪田旗舰店,深谷溪田益生菌驼奶粉蛋白质粉儿童学生成人中老年男女营养粉,64,100
深谷溪田旗舰店,深谷溪田益生菌驼奶蛋白粉学生中老年儿童成人早餐营养蛋白粉,64,100
深谷溪田旗舰店,深谷溪田益生菌羊乳蛋白粉儿童学生成人中老年营养蛋白质粉,79,100
圣卡斯国际海外旗舰店,澳洲蛋白质粉植物免疫球蛋白粉大豆蛋白营养粉中老年人增强免疫力,90,100
圣乐元保健食品店,汤臣倍健蛋白粉营养蛋白质粉免疫力老年人男女性官方旗舰店正品,44,100
施元旗舰店,施元免益多维蛋白质粉儿童成人中老年乳清植物混合双蛋白滋补营养,158,100
施元正品店,南京同仁堂中老年无加蔗糖氨基酸益生菌牛初乳阿胶铁锌钙蛋白质粉,35,100
食麦郎旗舰店,益生菌蛋白营养粉中老年增强搭免疫力猴头菇养胃粉官方旗舰店正品,93,100
食麦郎旗舰店,燕窝胶原蛋白营养粉官方旗舰店正品搭增强女性免疫力血压低提高补,73,100
汤臣倍健佰健专卖店,汤臣倍健健乐多纤能蛋白粉乳清蛋白质粉健身运动营养代餐奶昔女性,68,100
汤臣倍健佰健专卖店,汤臣倍健健乐多蛋白增肌粉纯乳清蛋白质粉瘦人增肌健身男女增重,178,100
汤臣倍健佰健专卖店,汤臣倍健胶原蛋白肽液态饮正品官网旗舰店yep磁感小粉瓶口服液,245,100
汤臣倍健佰健专卖店,汤臣倍健yep磁感小粉瓶胶原蛋白肽液态饮口服小分子正品官方旗舰,225,100
汤臣倍健官方旗舰店,汤臣倍健蛋白健身增肌粉纯乳清蛋白质粉男女性减脂官方旗舰店正品,287,100
汤臣倍健官方旗舰店,蛋白质粉增强免疫力成人男女官方旗舰店,421,100
汤臣倍健官方旗舰店,汤臣倍健蛋白质粉高蛋白营养粉大豆粉水果味美味营养品官方旗舰店,297,100
汤臣倍健食品旗舰店,汤臣倍健蛋白粉质乳清蛋营养粉成人免疫球蛋白增强免疫力旗舰正品,148,100
汤臣倍健众华朗臣专卖店,汤臣倍健乳清蛋白蛋白质粉老年人免疫力纯营养女性官方正品旗舰店,179,100
汤臣倍健众华朗臣专卖店,【双11狂欢购】实付599+0.1送/多选1不叠加/单拍不发联系客服改价,0,100
汤臣倍健众华朗臣专卖店,汤臣倍健儿童蛋白质粉学生补充蛋白营养粉青少年官方正品旗舰店,276,100
汤臣营养健康,汤臣倍健蛋白质粉乳清营养粉中老年男女增强官方免疫力正品旗舰店,218,100
汤臣营养品企业店,汤臣倍健乳清蛋白质粉增重高蛋白营养粉官方老年人男女正品旗舰店,148,100
汤臣营养品企业店,汤臣倍健蛋白质粉乳清营养粉官方增强中老年男女免疫力旗舰店正品,359,100
唐氏盛泰保健食品专营店,多合蛋白质粉复合氨基酸中老年人女性补充营养乳清粉滋补免益力,128,100
提莫队长营养俱乐部,康宝莱奶昔国产俱乐部官网正品康宝莱代餐蛋白粉支持验货全国包邮,170,100
体育生正品补剂店,康比特三健特青少年系列双乳蛋白粉800g体育生中高考体能训练补剂,149,100
天猫超市,北京同仁堂多维高钙乳清蛋白质粉营养儿童中老年人增强蛋白免疫力,48,100
天猫超市,肌肉科技六星益生菌增肌粉瘦人增重增肌蛋白粉乳清蛋白质粉健身男,258,100
天猫超市,江中初元人参蛋白粉营养品营养粉420g/盒老年人术后补品送礼礼盒,108,100
天猫超市,江中初元卓悦蛋白粉增强免疫力营养品中老年人400g*2罐送礼礼盒装,258,100
天猫超市,汤臣倍健蛋白质粉正品营养蛋白粉植物补品中老年人女性旗舰官方品,159,100
天猫超市,江中初元卓悦蛋白粉老年人蛋白增强免疫力粉乳清蛋白营养品400g罐,149,100
天猫超市,汤臣倍健健乐多乳清蛋白增肌粉瘦人男增重增肌健肌粉450g+摇摇杯,68,100
天猫超市,九芝堂蛋白粉中老年人女性营养蛋白质粉增强免疫力官方旗舰正品店,289,100
天猫超市,汤臣倍健蛋白质粉营养中老年人女提高增强免疫力搭植物蛋白粉550g,389,100
天猫超市,fiboo奶昔粉蛋白代餐饱腹食品早晚餐营养主食速食400g*4袋,449,100
天猫超市,麦金利乳清蛋白粉老年人增强免疫力蛋白质粉营养粉女性青少年学生,198,100
天猫超市,汤臣倍健蛋白质粉增强免疫力中老年免疫球蛋白成人男女营养品600g,367,100
天猫超市,北京同仁堂胶原蛋白肽液态饮口服液小分子燕窝肽粉官方旗舰正品店,109,100
天猫超市,北京同仁堂胶原蛋白肽粉液态饮正品口服液鱼小分子饮品官方店旗舰,159,100
天猫超市,九芝堂人参海参蛋白粉500gX2桶增强提高免疫力男女中老年人乳清,188,100
天猫国际探物日本,日本直邮Pola宝丽胶原蛋白粉紧致弹性润泽肌肤嫩肤90包,555,100
天猫国际自营全球超级店,【自营】肌肉科技白金纯乳清蛋白质增肌粉健身男正品分离水解whey,261,100
天猫国际自营全球超级店,【自营】ALLMAX天然分离乳清蛋白粉纯乳清蛋白质粉增肌粉瘦人运动,358,100
天猫国际自营全球超级店,【自营】GLGFAS骨折骨裂恢复药营养品术后补钙骨伤骨骼愈合蛋白粉,268,100
天猫国际自营全球超级店,【自营】雀巢VitalProteins牛胶原蛋白肽粉大蓝罐水解小分子进口,259,100
天猫国际自营全球超级店,【自营】Swisse斯维诗胶原蛋白肽水光粉口服玻尿酸28包含维生素C,159,100
天猫国际自营全球超级店,【自营】肌肉科技六星益生菌蛋白增肌粉纯乳清蛋白质瘦人增肌增重,158,100
天美健官方旗舰店,天美健胶原蛋白肽饮多肽高浓度小分子口服液保健品官方旗舰店正品,269,100
天然养生保健食品,正品 养生堂蛋白粉400g男女健身浓缩乳清蛋白80%植物大豆蛋白,105,100
天欣保健食品专营店,DG益生菌驼奶中老年蛋白质粉骆驼乳营养粉儿童蛋白粉驼奶粉正品,299,100
甜心与麻麻,大容量胶原蛋白肽粉进口深海鳕鱼皮低聚肽非饮品口服液甜心与麻麻,146,100
同仁堂北京专卖,北京同仁堂蛋白质粉进口乳清蛋白粉300g滋补品旗舰店官方正品,269,100
土豆麻麻国产俱乐部,康宝莱奶昔官网正品官网国产蛋白粉奶昔代餐粉康宝莱蛋白营养粉,235,100
万豪佶保健品专营店,氨基酸蛋白质粉补营养品中老年人增强搭免疫力粉官方旗舰店正品,75,100
万疆保健食品,600克礼盒 汤臣倍健乳清蛋白粉营养蛋白质粉强免疫力中老年男女吃,213,100
万疆保健食品,发20瓶】汤臣倍健胶原蛋白口服 液液态饮正品 蛋白液肽非丸水解粉,94,100
万松堂保健品专营店,汤臣倍健蛋白质粉正品乳清营养粉男女中老年增强免疫力官方旗舰店,122,100
威高旗舰店,威高分离乳清蛋白质粉新西兰低磷钾肾透析血液术后营养高蛋白独立,156,100
维尔康医药连锁,唯卡能特殊医学用途全营养配方粉食品拜仑斯特浓缩乳清蛋白非修正,280,100
伟仔妈肽之恋,三型弹性蛋白复合肽口服玻尿酸补水保湿伟仔妈胶原弹力蛋白肽包邮,146,100
为粉丝开的店FOR FANS THE STORE,肌肉科技六星分离乳清蛋白粉增肌粉乳清蛋白质粉运动健身营养粉,200,100
为粉丝开的店FOR FANS THE STORE,MUSCLETECH肌肉科技正氮乳清蛋白粉8磅粉营养粉男女健身,215,100
为粉丝开的店FOR FANS THE STORE,AS澳都赛斯乳清蛋白粉5磅whey优追麦克斯健身奥都塞斯分离乳清,218,100
为粉丝开的店FOR FANS THE STORE,Muscletech肌肉科技白金乳清蛋白粉健身增肌粉分离蛋白质5磅进口,185,100
为粉丝开的店FOR FANS THE STORE,北欧海盗帝国乳清蛋白质粉5磅VIKING健身增肌男女瘦人健肌粉营养,283,100
为粉丝开的店FOR FANS THE STORE,肌肉科技六星益生菌乳清蛋白粉8磅增肌蛋白质运动健身瘦人增肌,285,100
沃勒尔全球健康体验馆,Swisse斯维诗胶原蛋白小Q粉28包7包亢糖血橙精华小分子胶原蛋白肽,32,100
沃勒尔全球健康体验馆,【热巴同款】Swisse斯维诗乳清蛋白粉香草味蛋白粉补充氨基酸营养,189,100
无麸质酱油品牌店,启伴豌豆蛋白粉无麸质无糖0添加0脂桥本孕妇哺乳期植物蛋白粉350g,149,100
吴江千林保健品专营店,180袋可选麦金利牌蛋白粉儿童孕妇中老年男女大豆乳清双蛋白质粉,68,100
吴越老百姓大药房旗舰店,汤臣倍健蛋白质粉乳清官方旗舰店正品 中老年增强免疫力营养粉 XD,59,100
纤纤营养屋,康宝莱奶昔海盐布朗尼奇亚籽奶茶口味官网旗艦店正品国产蛋白粉,240,100
纤妍保健食品专营店,氨基酸蛋白质粉增强补营养中老年人非免疫力送父母官方旗舰店正品,71,100
祥顺堂健康食品,800g汤臣倍健乳清蛋白质粉香草健身蛋白营养粉老年人女性官方正品,208,100
小雏菊国产俱乐部,安利纽崔莱蛋白营养粉儿童草莓味水果味青少年免疫力植物蛋白质粉,276,100
小杰运动营养,赛霸乳清蛋白粉健身增肌分离水解乳清蛋白质补剂塞霸whey健身男女,129,100
小姐姐全球优选,Swisse胶原蛋白肽粉小分子血橙精华饮品口服玻尿酸水光粉28包,65,100
小林户外丨正品折扣店,进口明治SAVAS匝巴斯乳清蛋白粉运动健身肌营养粉可可香草酸奶味,199,100
小隆人正品补剂商城,正品康比特炽金酸奶乳清蛋白粉4磅益生菌运动健身增肌粉旗舰官网,379,100
小隆人正品补剂商城,肌肉科技白金乳清蛋白粉5磅纯乳清蛋白蛋白质粉健身男女增健肌粉,185,100
小隆人正品补剂商城,【官方正品】肌肉科技纯乳清蛋白粉5磅白金分离健身男女增健肌粉,185,100
小牛之家,汤臣倍健蛋白粉营养粉蛋白质粉儿童中老年男女性免疫力 450g/罐,140,100
小圆全球优选,Swisse乳清蛋白粉成人健身增肌增重中老年孕妇斯维诗混合蛋白质粉,139,100
欣宝母婴奶粉食品店,新版24年4月德国雀巢速愈素香港版74g*10包蛋白营养粉放化疗营养,279,100
幸运树保健食品专营店,鹭青全分离乳清蛋白粉动物蛋白质术后恢复营养品成人中老年人原味,259,100
旭玖康保健品旗舰店,旭玖康 配料99%动物蛋白质水解分离乳清蛋白粉老年人术后营养品,473,100
旭康保健食品专营店,阿胶蛋白质粉女性增强营养搭免疫力官方旗舰店正品红枣补品送父母,127,100
轩德医疗,力存乳清蛋白粉320g企业店铺正品保证院线同款品术后恢复固体饮料,258,100
炫动保健食品专营店,汤臣倍健双蛋白质营养粉中老年人增强免疫力官方旗舰店正品男女性,228,100
雪岩保健品专营店,益生菌蛋白质搭增肌粉增肥增胖男性女性产品瘦人增重快速长肉变胖,89,100
雪岩保健品专营店,阿胶女性蛋白质营养粉血压低增强搭红枣补品官方旗舰店正品免疫力,167,100
训练怪兽官方店,UP训练怪兽黑钻乳清蛋白粉健身增健肌粉高蛋白营养粉向上星球,269,100
雅琪食品配料,新西兰浓缩wpc80乳清蛋白粉wpl90分离乳清蛋白粉健身运动粉原粉,13,100
阳洋家芳香密语,十重弹性胶原蛋白肽玻尿酸虾青素多效营养真皮糖氧老化水光弹滑嫩,134,100
养生滋补保健食品店,同仁堂中老年长辈益生菌高钙驼乳蛋白营养粉驼奶粉正品官方旗舰店,68,100
氧气能量Muscle能量运动营养店,诺特兰德谷氨酰胺粉运动健身补剂非蛋白粉bcaa支链氨基酸肌酸氮泵,12,100
氧气能量旗舰店,氧气能量分离乳清蛋白粉乳糖不耐受官方旗舰便携装分离乳清蛋白粉,279,100
药都仁和康枚婷专卖店,俄罗斯进口驼奶蛋白营养粉老年人女性增强搭免疫力官方旗舰店正品,99,100
野牛家,安利纽崔莱蛋白营养粉核桃肽草莓味多种钙质免疫力植物蛋白质粉,294,100
野牛家,康宝莱袋奶昔蛋白营养粉官网旗舰店正品代餐粉红豆薏苡仁曲奇芒果,761,100
野兽的补剂商城,紫光优健POWERBUFF炽炼乳清蛋白粉WHEY蛋白粉5磅三重分离浓缩水解,299,100
野兽的补剂商城,ON欧普特蒙乳清蛋白粉5磅健身补剂金标奥普帝蒙增肌蛋白质粉WHEY,230,100
野兔先生正品运动营养,Muscletech肌肉科技白金增肌粉乳清蛋白质粉健身瘦人增肌增重桶装,188,100
野兔先生正品运动营养,muscletech肌肉科技高性能增肌粉瘦人增重蛋白粉健身增肌乳清蛋白,178,100
以琳养生铺子,美莱健益生元蛋白质粉大豆乳清双蛋白粉老年人免疫力调理肠胃,88,100
亦康保健食品,共1200克汤臣倍健蛋白粉高蛋白质营养粉成人中老年人植物营养粉,188,100
亦康保健食品,10瓶汤臣倍健6000mg胶原蛋白肽树莓味小磁感液态饮高光小粉瓶正品,114,100
异彩运动营养店,UP训练怪兽黑钻乳清蛋白粉高蛋白营养粉训练增健肌粉向上星球whey,199,100
意美品营养商行,每品康乳清蛋白粉,198,100
优美甄选食品店,汤臣倍健蛋白质粉乳清蛋白粉官方旗舰正品增强中老年人免疫力营养,159,100
悠悠养生滋补店,Swisse斯维诗蛋白粉中老年人营养运动健身营养粉乳清蛋白粉450g,144,100
有氧星球旗舰店,汤臣倍健蛋白粉蛋白质粉增强免疫力中老年人女官方旗舰店,321,100
御济堂大药房旗舰店,汤臣倍健蛋白质粉乳清官方正品动植物中老年增强免疫力双蛋白粉CS,58,100
远子的补剂铺,康比特CPT炽金乳清蛋白粉酸奶味健身肌性成人运动营养5磅超熊猫ON,388,100
远子的补剂铺,康比特分离乳清蛋白质粉抹茶味1800g 健身增肌粉whey运动成人,278,100
远子的补剂铺,意大利YAMAMOTO超分离乳清蛋白粉ISO-FUJI分离零糖零脂2KG 4.4磅,678,100
远子的补剂铺,ALLMAX金牌金标经典乳清蛋白质粉5磅 健身塑型瘦人增重健肌非分离,278,100
远子的补剂铺,远子的补剂铺VIKING北欧海盗水解牛肉分离蛋白粉4.4磅 增肌增重,255,100
远子的补剂铺,赛霸肌酸粉300g一水肌酸粉男女健身增健肌蛋白粉爆发力耐力非氮泵,39,100
远子的补剂铺,远子的补剂铺 MUTANT WHEY魔兽四核乳清蛋白质粉5磅瘦人增重,275,100
远子的补剂铺,马泰时刻乳清蛋白粉whey高蛋白健身运动男女营养增肌健肌增重5磅,85,100
远子的补剂铺,远子的补剂铺MUTANT魔兽ISO炫味分离乳清蛋白粉5磅健身 非isoflex,418,100
远子的补剂铺,肌肉科技增肌粉7磅 健身男女瘦人增重乳清蛋白质粉含肌酸美国营养,219,100
远子的补剂铺,On奥普帝蒙欧普特蒙金装金标ISO分离乳清蛋白质粉5磅WHEY增肌塑型,223,100
远子的补剂铺,盖特概特GAT分离乳清蛋白粉5磅混合肌肉蛋白奶昔运动健身增肌非ON,239,100
远子的补剂铺,Dymatize 狄马泰斯ISO100迪马泰斯水解分离乳清蛋白粉低脂低糖5磅,293,100
远子的补剂铺,谷本日记代餐奶昔粉饱腹高蛋白早晚餐速食冲饮膳食纤维营养轻食品,18,100
月亮宝宝饮品食品保健,氨基酸高钙蛋白质粉增加中老年人免疫力高钙无糖蛋白全营养粉三高,86,100
悦活360健康生活馆,江中初元卓悦蛋白粉增加免疫力0蔗糖乳清大豆双蛋白中老年成人喝,60,100
悦佳保健品食品店,汤臣倍健蛋白粉150g大豆蛋白乳清双蛋白成人中老年人营养免疫力,43,100
云购(商城),安利蛋白粉纽崔莱多种植物营养粉蛋白质粉孕妇青少年中老年免疫力,515,100
运动补剂装备小店,赛霸2磅乳清蛋白粉健身增肌分离蛋白质粉补剂whey增肥增重健肌粉,125,100
真诚滋补养生专营店,更划算！汤臣倍健蛋白质粉植物型乳清无糖蛋白粉男女中老年成人,118,100
郑州金诺生物科技,鱼胶原蛋白肽粉 水解抗糖化小分子肽 深海鳕鱼皮提取多肽纯粉,41,100
直销保健品企业店,正品amway纽崔莱官方旗舰店官网蛋白营养粉孕妇 青少中老年蛋白质,515,100
直销企业直供店,安利纽崔莱多种植物蛋白质粉中老年营养粉青少年孕妇免疫力400克,280,100
智贝利旗舰店,智贝利人参燕窝胶原蛋白肽粉蔓越莓口服粉剂液饮品旗舰店冲饮30袋,159,100
中航生物科技企业店,希尔玛WPI90分离乳清蛋白粉健身补剂增肌粉高蛋白质新西兰wpc80%,48,100
中粮保健品旗舰店,6桶装】中粮可益康蛋白质粉成人营养粉男女性乳清植物蛋白粉,588,100
中粮食品旗舰店,拍2发5桶】中粮蛋白质粉乳清成人营养品高钙蛋白粉,188,100
卓叔瘦人增重店,卓叔增重【白金乳清蛋白粉】肌肉科技Muscletech健身增肌WHEY男女,248,100
卓叔瘦人增重店,卓叔增重 7磅【益生菌增肌粉】肌肉科技六星瘦人蛋白健身养护肠胃,343,100
姿美养生堂,姿美堂胶原肽蛋白资美堂小分子肽粉液态饮旗舰店官方正品提拉紧致,17,100
Allmax保健品海外旗舰店,ALLMAX纯分离乳清蛋白质粉蛋白粉增肌粉健身瘦人运动无糖营养粉,648,200
AXXZIA海外旗舰店,【于文文推荐】AXXZIA晓姿抗糖饮AGX胶原蛋白饮口服提亮30支*1盒,1490,200
careplus海外旗舰店,蛋白粉蛋白质增强中老年人免疫力老人无糖营养动物官方旗舰店正品,144,200
Chodown肆吃补剂,Muscletech肌肉科技增肌粉瘦人增重增肌高性能乳清蛋白质健身mass,135,200
Codeage海外旗舰店,Codeage复合水解胶原蛋白肽粉小分子内服精华饮内调旗舰店,284,200
gnc健安喜旗舰店,GNC健安喜乳清蛋白粉成年健身增肌营养粉蛋白质营养品冲调速食,179,200
gnc健安喜旗舰店,GNC蛋白粉增强免疫力中老年人女性蛋白质营养品官方旗舰店,179,200
goodnature海外旗舰店,【2瓶装】swisse葡萄籽烟酰胺全身美白丸胶原蛋白肽粉抗美颜衰老,162,200
goodnature海外旗舰店,swisse葡萄籽美白丸全身内服口服烟酰胺美白饮内调胶原蛋白抗糖丸,61,200
Gynable海外旗舰店,洁妮贝盆底宝 产后女性盆底肌养护修复 保养骨盘恢复凯格尔30包,288,200
lomon海外专营店,美国安利纽崔莱植物蛋白质粉900g大罐中老年成人蛋白粉 马来销售,368,200
Lumi旗舰店,Lumi胶原蛋白粉液态饮正品小分子肽粉精华饮品口服液官方旗舰30袋,99,200
meiji明治食品旗舰店,meiji明治 SAVAS匝巴斯进口大豆蛋白运动营养粉21g*2袋试用体验装,9,200
morinaga森永海外旗舰店,森永乳清蛋白蛋白质粉进口中老年补品术后恢复营养品免疫球蛋白粉,239,200
Muscle Kangaroo,诺特兰德支链氨基酸bcaa健身非乳清蛋白粉氮泵支链肌酸,17,200
Muscle Kangaroo,诺特兰德充能糖电解质饮料电解质粉冲剂梯度碳水体育生非蛋白粉,8,200
muscletech官方旗舰店,Muscletech肌肉科技白金增肌粉乳清蛋白质粉健身瘦人增肌增重健肌,198,200
MyNature海外旗舰店,Mynature迈美希Melatine?小黑盒专利水解角蛋白头发管理男女通用,540,200
Myprotein海外旗舰店,Myprotein大豆分离蛋白粉代餐奶昔植物蛋白质营养粉素食 vgn,185,200
ON奥普帝蒙旗舰店,ON奥普帝蒙 绿标超霸增肌粉乳清蛋白粉6磅 瘦人增重 蛋白质增肌粉,288,200
ON奥普帝蒙旗舰店,金标乳清蛋白粉10磅 ON奥普帝蒙 健身WHEY蛋白质粉10磅,996,200
ON奥普帝蒙旗舰店,ON奥普帝蒙 绿标增肌粉乳清蛋白粉3磅 瘦人增肌蛋白质,119,200
organika海外旗舰店,Organika加拿大进口增强型胶原蛋白肽美颜小分子草饲牛胶精华250g,188,200
PEAKOCEAN海外专营店,ON奥普帝蒙 金标乳清蛋白粉 WHEY健身营养增肌蛋白粉美国进口 5磅,478,200
POWERBUFF旗舰店,紫光优健POWERBUFF炽炼乳清蛋白粉WHEY蛋白粉5磅三重分离浓缩水解,29,200
prosupps旗舰店,海德力蛋白粉乳清蛋白质粉运动健身塑性营养粉增肌粉官方whey,189,200
prosupps旗舰店,海德力乳清蛋白粉增肌粉蛋白质粉草莓运动健身营养粉whey,149,200
prosupps旗舰店,海德力益生菌增肌粉复合乳清蛋白质粉健身补剂瘦人推荐健肌粉whey,169,200
swisse官方旗舰店,Swisse斯维诗乳清蛋白质粉中老年免疫力成人蛋白营养粉,259,200
swisse聚优库专卖店,Swisse斯维诗蛋白粉乳清营养蛋白质粉香草味官方旗舰店蛋白质正品,209,200
umeken海外旗舰店,Umeken日本进口弹力蛋白胶原蛋白肽粉精华小分子3盒减90 5盒减300,820,200
Vinsic海外旗舰店,Vinsic文斯可牛初乳铁乳清蛋白质粉中老年成人增强体质免yi球蛋白,458,200
阿里健康大药房,黄金搭档蛋白质粉中老年人蛋白粉补充蛋白质补品营养品送父母正品,79,200
阿里健康大药房,仁和蛋白营养粉女性官方旗舰店减正品肥咖啡增强蛋白质粉补免疫力,39,200
阿里健康大药房,仁和阿胶燕窝胶原蛋白片肽粉小分子精华液态口服官方旗舰店正品,19,200
阿里健康大药房,北京同仁堂人参蛋白粉营养蛋白质粉中老年成人男女增强免疫力正品,58,200
阿里健康大药房,增肥增胖长胖男性女性益生菌增重蛋白质粉瘦人快速长肉高脂肪食品,79,200
阿里健康大药房,九芝堂胶原蛋白肽粉饮品液态燕窝饮小分子肽口服液正品官方旗舰店,78,200
阿里健康大药房,【42%蛋白】白云山益生菌增肌粉瘦人增肌增重乳清蛋白质粉健身男,79,200
阿里健康大药房,北京同仁堂胶原蛋白肽液态饮口服液燕窝粉鱼小分子官方旗舰店正品,99,200
阿里健康大药房,北京同仁堂燕窝烟酰胺胶原蛋白肽粉液态饮七夕礼物正品官方旗舰店,89,200
爱昔俱乐部,康宝莱奶昔官网旗舰店正品国产康宝莱代餐奶昔正品官网蛋白营养粉,230,200
安琪纽特旗舰店,安琪纽特纽邦酵母蛋白粉成人蛋白质粉植物蛋白乳清蛋白,65,200
澳海海外专营店,美国产康宝莱奶昔代餐奶昔粉饱腹食品蛋白质营养粉套餐原装进口,219,200
澳海海外专营店,美国安利纽崔莱蛋白质粉免疫纽崔莱植物蛋白营养粉900g安利进口,219,200
澳佳美医疗器械专营店,Swisse蛋白质粉免疫力补钙骨质疏松女性中老年人非增强燕麦营养品,109,200
百济新特大药房旗舰店,雅培全安素进口蛋白质全营养配方粉奶粉900g新加坡官方旗舰店,238,200
柏佳康大药房旗舰店,胶原蛋白营养粉官方旗舰店正品老年人搭增强女性免疫力质提高,68,200
豹哥的补剂店,豹哥补剂 ON奥普帝蒙蛋白粉 WHEY增肌健身运动纯乳清蛋白质粉10磅,878,200
北美鼠,国产康宝莱奶昔蛋白营养粉官网旗舰店正品 饱腹代餐粉红豆薏苡仁,230,200
北同工厂总店,北京同仁堂金奥力牌蛋白质粉老年人增强营养免疫力官方旗舰店正品,29,200
彩箭保健食品专营店,蛋白质益生菌中老年人高钙无糖精骆驼奶粉糖尿饼病人营养食品补品,198,200
茶哥要什么有什么,茶哥一生推匈牙利vitaltrend高纯度弹力蛋白胶原蛋白肽粉正品500g,409,200
肠内营养,邦世迪乳清蛋白质粉德国进口原料无蔗糖营养食品纯动物蛋白粉300g,158,200
超神运动营养补剂站,康比特润力饮电解质水粉功能性运动饮料青少年体育生体考体训添VC,159,200
宠洛洛医药旗舰店,PJ香港养生堂益生菌高钙驼奶粉中老年儿童成人早餐营养驼奶粉,169,200
宠洛洛医药旗舰店,YG香港养生堂益生菌高钙驼奶粉中老年儿童成人早餐营养驼奶粉,169,200
初元保健品旗舰店,江中初元胶原蛋白肽液态饮口服液旗舰店正品玻尿酸小分子虾青素粉,129,200
春禄富泰保健食品专营店,Maxigenes美可卓蓝胖子全脂高钙学生儿童成人增强奶粉记忆免疫力,98,200
大参林大药房旗舰店,雅培全安素营养粉900g香草味蛋白配方成人奶粉营养粉原装进口,228,200
大牌营养食品店,汤臣倍健蛋白质粉官方旗舰店官网正品增强中老年免疫力乳清营养粉,159,200
大师兄运动营养,Myprotein熊猫摇杯500ml健身运动蛋白增肌粉搅拌球带刻度杯,13,200
大熠保健食品专营店,【共发180粒】优尔胶囊修正牌口服免疫球蛋白儿童成人调节免疫力,268,200
叮迷保健品专营店,DHA蛋白质粉儿童学生青少年增强搭记忆力补脑免疫力奶粉官方正品,85,200
朵颜朵姿保健品旗舰店,8盒胶原蛋白液态饮正品烟酰胺小分子精华肽粉口服玻尿酸提亮官网,149,200
范奈司运动营养中心,Muscletech肌肉科技乳清蛋白粉白金5磅健身蛋白增肌粉分离蛋白粉,185,200
福哆哆5,23年3月产雀巢佳膳悠选全营养粉400g瑞士原装进口奶粉成人蛋白粉,133,200
港品自营店,进口胶原蛋白美颜胶囊口服肽粉鱼液态饮抗亢衰老片官方旗舰店正品,229,200
怪兽168 运动营养,澳洲maxines蛋白粉女性分离乳清蛋白质营养粉女士健身代餐饱腹,209,200
国肽保健食品专营店,国肽胶原蛋白肽牛骨小分子活性肽粉术后恢复营养品高蛋白粉复合肽,338,200
国肽保健食品专营店,郎平代言 人民国肽小分子活性肽粉 牛骨胶原蛋白肽复合多肽健尔肽,199,200
海南华研厂家直售,海南华研原材料小分子鳕鱼胶原蛋白肽口服液补充面部原料,109,200
海南华研厂家直售,海南华研胶原三肽小分子鱼胶原蛋白肽纯粉水解原料正品,384,200
海王星辰大药房旗舰店,汤臣倍健蛋白粉礼盒装动植物双蛋白增强免疫力600g（450g+150g）,206,200
海王星辰大药房旗舰店,斯维诗SWISSE 乳清蛋白粉 香草味 澳大利亚 450g,178,200
浩浩妈体重管理俱乐部,国产康宝莱奶昔正品官网旗艦店国产康宝莱蛋白营养代餐粉曲奇红豆,232,200
合生斯维健康产品企业店,斯维诗Swisse乳清蛋白粉蛋白质粉健身增肌中老年孕妇免疫营养成人,164,200
和芝源保健品专营店,汤臣倍健蛋白粉蛋白质粉男女中老年蛋白质营养粉父母长辈保健品,58,200
和芝源保健品专营店,汤臣倍健蛋白质粉中老年成人补品植物蛋白粉礼品成人男女性健康,158,200
鹤丽堂保健品专营店,蛋白质粉中老年补无糖蛋白粉中老年术后增强营养粉保健礼品鹤丽堂,176,200
鹤丽堂保健品专营店,驼奶蛋白质粉正宗新疆骆驼奶粉中老年无糖高钙营养益生菌大罐装,176,200
鹤丽堂保健品专营店,增肥蛋白质粉瘦人增重变胖产品快速长肉营养补品益生菌配方鹤丽堂,176,200
鹤丽堂保健品专营店,牛初乳蛋白粉益生菌增强营养粉补品官方旗舰店正品蛋白质粉鹤丽堂,176,200
鹤丽堂保健品专营店,驼奶蛋白质粉新疆正宗伊犁骆驼奶粉中老年高钙益生菌营养鹤丽堂,93,200
鹤丽堂保健品专营店,高钙蛋白质粉儿童中老年补钙营养粉官方旗舰店正品蛋白粉鹤丽堂,93,200
恒健大药房旗舰店,汤臣倍健胶原蛋白肽 yep胶原蛋白肽粉小分子粉瓶官旗方舰店正品带,78,200
花姐食养,花姐食养每日胶原蛋白肽粉袋5000mg日本nippi胶原蛋白正品饮品,199,200
华信旗舰店,蛋白质粉增强免疫力中老年营养术后病人官方旗舰店正品 0添加剂,63,200
肌动力运动营养,熊猫Myprotein分离乳清蛋白质粉营养健身增肌粉2.2磅补剂5.5磅,64,200
健邦特运动营养,cpt康比特炽金乳清蛋白粉5磅健身男女增肌粉蛋白质健肌营养粉whey,258,200
健邦特运动营养,ON欧普特蒙增肌粉6磅增重粉瘦人增肥蛋白质健肌粉健身3磅,143,200
健豪奶粉批发商行,到26年雅培全安素全营养配方粉蛋白香草中老年奶粉900g,209,200
健佳保健食品,2罐共900g 汤臣倍健450g+450g蛋白质粉中老年人营养粉增 强免疫力,125,200
健康星球,发1200克汤臣倍健蛋白粉(植物型)蛋白质成人中老年人营养粉正品,188,200
健美黑军健美补剂正品店,UP训练怪兽黑钻乳清蛋白粉高蛋白营养粉训练增健肌粉向上星球whey,199,200
健美黑军健美补剂正品店,CPT 康比特炽金乳清蛋白质粉酸奶味5磅WHEY健身男女增肌增重2270g,89,200
胶原妹妹,鳕鱼胶原蛋白肽三肽粉活性小分子低聚肽水解非胶囊口服液片抗糖化,79,200
京东京造旗舰店,京东京造乳清蛋白粉蛋白质粉中老年补品成人牛乳补充营养送礼正品,79,200
久康大药房旗舰店,蛋白营养粉蛋白质乳清儿童增强奶粉青少年学生可搭配补脑记忆力类,88,200
久康大药房旗舰店,钙铁锌成长蛋白质营养粉提高儿童青少年学生增强搭增高奶粉免疫力,88,200
凯利优品店,正品浓缩wpc80乳清蛋白粉wpl90分离乳清蛋白粉增重增肌健身粉原粉,15,200
康贝安health,德国双心胶原蛋白肽液态饮小分子肽粉口服液精华女正品抗美衰老,269,200
康比特官方旗舰店,康比特三健特双乳清蛋白质粉青少年儿童运动营养粉补剂官方旗舰店,199,200
康比特体育科技旗舰店,康比特锌镁支链氨基酸bcaa官方正品旗舰店健身补剂非增肌粉肌酸,89,200
康恩贝保健品专营店,康恩贝蛋白粉蛋白质粉乳清营养粉植物中老年补品男女性增强免疫力,68,200
康健优选保健品,汤臣倍健双蛋白粉蛋白质营养正品老年人男女性免疫力药房同款送礼,136,200
蓝鲸时代运动营养,肌肉科技正氮纯乳清蛋白粉健身增肌whey正氮4.4磅乳清蛋白质粉,225,200
朗悦保健品专营店,肌肉科技六星锌镁肌酸一水肌酸耐力健身补剂bcaa支链氨基酸增肌,119,200
老伟的皇冠补剂店,赛霸乳清蛋白质粉增肌健肌粉塞霸乳清蛋白粉whey补剂健身男女5磅,254,200
老钟驾到,保税仓！瑞士AVEA科技亢衰AKG氨基胶原蛋白激活冲剂到2024年11月,1980,200
龙牡旗舰店,龙牡壮骨营养棒复合蛋白棒儿童乳清蛋白粉儿童零食官方旗舰店正品,55,200
马泰时刻旗舰店,马泰时刻乳清蛋白粉whey增肌粉瘦人增重健身男分离蛋白质2磅袋装,99,200
麦斯通保健用品专营店,蛋白营养粉官方旗舰店正品老年人增强搭女性免疫力质提高胶原补品,77,200
美人鱼保健品,包邮安利纽崔莱多种植物蛋白粉770克G国产安利蛋白质营养粉免疫力,448,200
名人补剂,ON奥普帝蒙肌酸200g欧普特蒙一水肌酸蛋白粉健身男爆发力耐力增肌,95,200
奈氏力斯即优专卖店,新西兰原装进口奈氏力斯蛋白质粉植物官方旗舰店正品营养粉蛋白粉,398,200
南 京 同 仁 堂 官 网 直 售,南京同仁堂营养蛋白质粉无糖增强成人免疫力儿童官方旗舰官网正品,38,200
牛哥的补剂铺,诺特兰德tg增肌粉5磅蛋白增肌粉瘦人增肌增重1磅乳清蛋白粉健肌粉,25,200
纽特舒玛旗舰店,纽特舒玛Nutrasumma分离乳清蛋白粉中老年健康礼术后营养蛋白质粉,388,200
诺特兰德膳食营养自卖店,诺特兰德支链氨基酸BACC健身运动补剂非乳清蛋白增肌粉氮泵肌酸粉,18,200
雀巢健康科学特医食品旗舰店,雀巢肽敏舒特殊医学用途婴儿乳蛋白深度水解配方粉400g*2罐含乳糖,736,200
雀巢健康科学特医食品旗舰店,雀巢佳膳悠选特医全营养配方粉含乳清蛋白营养粉400*2罐成人优选,375,200
鹊医世家旗舰店,儿童瘦人蛋白质粉食品搭增肥增胖增重长胖长肉非快速高脂肪产品,128,200
三里补剂铺,UP训练怪兽黑钻乳清蛋白增肌营养粉男女健身训练运动高蛋白质whey,249,200
善力倍旗舰店,善力倍 白蛋白小分子肽非人血注射输液术后营养补充浓度30%白蛋白,398,200
膳力达旗舰店,膳力达德国进口短肽水解动物乳清蛋白粉术后恢复营养粉中老年健康,358,200
上善保健食品专营店,K美盾 益生菌驼乳营养粉320g蛋白营养粉益生菌驼乳营养粉官方正品,299,200
尚旺保健品专营店,氨基酸蛋白质粉增强补营养中老年人搭免疫力送父母官方旗舰店正品,75,200
深谷溪田旗舰店,深谷溪田益生菌驼奶蛋白粉学生儿童中老年成人早餐营养蛋白质粉,64,200
深谷溪田旗舰店,深谷溪田益生菌羊乳蛋白粉成人中老年儿童学生早餐营养蛋白质粉,79,200
深谷溪田旗舰店,深谷溪田益生菌羊乳蛋白粉儿童成人中老年学生营养早餐蛋白质粉,79,200
斯维诗正品企业店,swisse斯维诗新升级玻尿酸胶原蛋白肽饮品水光粉小分子血橙胶原肽,65,200
汤臣倍健爱生活保健品店,汤臣倍健蛋白粉营养粉乳清蛋白质粉增强男女中老年免疫力正品成人,239,200
汤臣倍健佰健专卖店,汤臣倍健健乐多肌酸粉纯一水肌酸蛋白健身增肌耐力非氮泵健身补剂,44,200
汤臣倍健佰健专卖店,汤臣倍健健乐多分离乳清蛋白粉健身增肌粉男女低脂高蛋白质营养粉,268,200
汤臣倍健佰健专卖店,汤臣倍健蛋白质粉老年人蛋白营养粉增强免疫力官方旗舰店正品女性,298,200
汤臣倍健官方旗舰店,汤臣倍健胶原蛋白口服液Yep高光小粉瓶胶原蛋白肽精华官方旗舰店,245,200
汤臣倍健官方旗舰店,汤臣倍健小粉瓶胶原蛋白液态饮正品口服液小分子肽粉精华饮品官旗,240,200
汤臣倍健众华朗臣专卖店,汤臣倍健胶原蛋白肽液态饮正品官方旗舰店口服液粉yep高光小粉瓶,245,200
唐寄奴只卖自己用的,胶原蛋白肽水解粉剂小分子肽粉深海鱼低聚肽粉固体饮料内服女性,283,200
天猫超市,北京同仁堂分离乳清蛋白营养粉袋装男女性青少年学生补充蛋白质,139,200
天猫超市,同仁堂胶原蛋白液态饮正品口服液燕窝肽粉小分子鱼旗舰官网官方店,79,200
天猫超市,北京同仁堂多维高钙乳清蛋白质粉营养儿童中老年人增强蛋白免疫力,108,200
天猫超市,汤臣倍健蛋白粉营养蛋白质粉增强免疫力中老年人女官方旗舰正品,734,200
天猫超市,同仁堂胶原蛋白液态饮正品口服液燕窝肽粉小分子鱼旗舰官网官方店,99,200
天猫超市,诺特兰德蛋白粉乳清蛋白质粉增肌粉男女健身营养粉官方正品,109,200
天猫超市,九芝堂燕窝胶原蛋白液态饮口服液小分子饮品鱼肽粉旗舰官方正品店,98,200
天猫超市,Swisse斯维诗水光粉胶原蛋白肽28包/盒玻尿酸透明质酸钠血橙肌肤,198,200
天猫国际自营全球超级店,【自营】雀巢Vital Proteins胶原蛋白肽粉小分子大蓝罐美国567g,439,200
天欣保健食品专营店,C益生菌驼奶中老年蛋白质粉骆驼乳营养粉儿童蛋白粉驼奶粉正品,299,200
天欣保健食品专营店,Z益生菌驼奶中老年蛋白质粉骆驼乳营养粉儿童蛋白粉驼奶粉正品,299,200
天欣保健食品专营店,X益生菌驼奶成人蛋白质粉骆驼乳营养粉儿童蛋白粉320g驼奶粉正品,299,200
同仁专柜正品,汤臣倍健蛋白粉营养蛋白质粉增强免疫中老年人女旗艦店官网正品,129,200
歪妈家的干货店官方企业店,歪妈家的干货店 胶原蛋白粉5g*30支正品肽鱼非口服液纯胶原*4盒,752,200
伟仔妈肽之恋,出口级1500克纯鳕鱼胶原蛋白肽低聚肽粉水解小分子活性伟仔妈包邮,156,200
为粉丝开的店FOR FANS THE STORE,肌肉科技六星益生菌乳清蛋白粉增肌分离纯乳清蛋白质健身高营养,139,200
为粉丝开的店FOR FANS THE STORE,临期特价乳清蛋白质粉捡漏熊猫肌肉科技分离WHEY健身蛋白增肌粉,40,200
吴江千林保健品专营店,养生堂蛋白粉分离乳清蛋白营养粉植物增强免疫力儿童中老年成人,238,200
小杰运动营养,赛霸肌酸粉300g一水肌酸粉男女健身增健肌蛋白粉爆发力耐力非氮泵,46,200
小隆人正品补剂商城,正品康比特益生菌蛋白增肌粉瘦人增重7磅健身乳清蛋白粉 官方旗舰,199,200
小牛之家,汤臣倍健蛋白粉营养粉蛋白质粉儿童中老年男女性免疫力 450g/罐*2,319,200
雅培特医营养品旗舰店,雅培全安素进口全营养粉含蛋白质肠内营养粉900g官方旗舰,1488,200
央企控股凯泰生物活性肽,北京凯泰深海鱼皮胶原蛋白肽粉500克600道高纯度小分子肽活性肽粉,26,200
养生堂旗舰店,养生堂胶原蛋白肽口服固体饮料玻尿酸Q肌烟酰胺质酸钠精华饮品,126,200
野牛家,国产康宝莱蛋白粉营养蛋白质粉官网官方旗舰店增强正品免疫力,166,200
宜康保健食品折扣店,蛋白粉汤臣I倍健蛋白质营养粉450g无糖双蛋白官方旗舰店官网正品,316,200
优美甄选食品店,汤臣倍健蛋白质粉官方旗舰正品乳清蛋白增强女性中老年免疫力营养,94,200
优美甄选食品店,斯维诗swisse纯乳清蛋白粉健身增肌中老年女性免疫力蛋白质营养粉,149,200
远子的补剂铺,AS澳都赛斯乳清蛋白粉5磅whey优追麦克斯健身奥都塞斯分离乳清,218,200
远子的补剂铺,Muscletech肌肉科技零度分离乳清蛋白粉4磅 健身增健肌粉美国正品,155,200
远子的补剂铺,EB健型增肌粉6磅 乳清蛋白质营养男女健身瘦人增重增肥健肌粉MASS,134,200
远子的补剂铺,VIKING北欧海盗水解加强分离蛋白粉5磅89%蛋白质乳清男女健身增肌,348,200
远子的补剂铺,马泰时刻乳清蛋白质粉高蛋白健身运动男女营养增健肌粉代餐2磅,85,200
运动补剂装备小店,诺特兰德三重乳清蛋白粉3重乳清分离水解乳清增肌粉健身蛋白质1磅,48,200
甄选营养食品企业店,汤臣倍健蛋白粉乳清蛋白质营养粉中老年增强官方旗舰店免疫力正品,178,200
郑州金诺生物科技,浓缩速溶乳清蛋白粉健身补剂WPC80增重增肌粉高蛋白质营养粉WPI90,58,200
卓兴保健品大卖场,汤臣倍健植物蛋白粉大豆分离蛋白质营养粉成人男女营养品官方正品,82,200
醉幻觉保健品专营店,增肌粉瘦人健身男女乳清蛋白蛋白质粉搭减脂增重养官方旗舰店正品,78,200
Allmax保健品海外旗舰店,allmax5磅天然分离乳清蛋白粉纯乳清蛋白质粉增肌粉瘦人运动无糖,658,300
feconad旗舰店,蛋白棒非0脂肪无糖减肥饱腹代餐主食餐解馋小零食食品搭减肥咖啡,19,300
goodnature海外旗舰店,澳洲swisse胶原蛋白片胶囊胶原蛋白肽粉美白抗美颜衰老液态饮正品,55,300
goodnature海外旗舰店,swisse抗糖丸美白丸内服全身白片控糖饮口服变白内调去黄去黑色素,61,300
MuscleLAB,MUTANT铁血魔兽ISO分离乳清蛋白粉拒绝乳糖不耐健身运动ISOFLEXON,418,300
MuscleLAB,美国UN优恩ISO分离乳清蛋白粉93%蛋白质营养粉健身运动增肌粉WHEY,228,300
Muscletech海外旗舰店,[上新]肌肉科技复合肌酸片健身增肌补剂非锌镁一水肌酸蛋白粉氮泵,138,300
Myprotein海外旗舰店,【罗永浩直播间】Myprotein 浓缩乳清蛋白粉1000g(2.2磅)/袋,145,300
Myprotein海外旗舰店,5.5磅 Myprotein增肌粉瘦人增重熊猫乳清蛋白质粉健身蛋白增肌粉,315,300
Nuviline海外旗舰店,法国原装进口Nuviline盈发小粉罐 头发管理男女通用,548,300
swisse官方旗舰店,Swisse斯维诗胶原水光粉透明质酸钠胶原蛋白固体饮料口服玻尿酸,398,300
swisse智引专卖店,Swisse斯维诗乳清蛋白粉免疫力营养蛋白质粉中老年人女性官方正品,149,300
wildfieldhealth旗舰店,WFH荒野健康蛋白粉便携健身乳清蛋白质粉男增肌粉小袋装 瘦人增重,98,300
阿里健康大药房,汤臣倍健蛋白质粉增强老年人蛋白营养粉免疫力官方旗舰店正品女性,119,300
阿里健康大药房,同仁堂胶原蛋白肽小分子燕窝肽粉液态饮紧致口服液官方旗舰店正品,138,300
阿里健康大药房,同仁堂蛋白粉老年人增强免疫力女性营养乳清蛋白粉官方旗舰店正品,138,300
阿里健康大药房海外店,法国美白饮美白内服亮白胶原蛋白肽液态饮抗糖丸全身美白烟酰胺丸,329,300
佰倍优旗舰店,佰倍优白蛋白肽中老年术后恢复营养品口服液非人血注射白蛋白输液,258,300
保健品批发零售部,【送杯】乳清蛋白质粉增肌粉健身男女瘦人增肌增重长肉健肌粉,18,300
豹哥的补剂店,AllMax IsoFlex水解分离乳清蛋白质粉whey 瘦人增肌重健身5磅进口,338,300
北欧海盗旗舰店,北欧海盗健身男乳清蛋白水解牛肉蛋白粉增健肌粉分离乳清蛋白质粉,488,300
藏草密语旗舰店,益生菌高钙驼奶蛋白质粉增强搭免疫力老年人补钙骨质疏松奶粉无,89,300
超人 补剂,诺特兰德乳清蛋白粉whey四重乳清蛋白质粉健身男女蛋白增肌粉5磅,195,300
宠洛洛医药旗舰店,香港养生堂益生菌高钙驼奶粉中老年儿童成人早餐营养驼奶粉C4,169,300
狄马泰斯旗舰店,Dymatize狄马泰斯水解分离纯乳清蛋白质粉营养增健肌粉身男女5磅,729,300
赋能补剂,康比特乳清蛋白粉蛋白增肌粉低脂益生菌蛋白质营养粉健身男女健肌,89,300
国肽保健食品专营店,国肽胶原肽蛋白肽粉活性肽大豆肽牛骨肽小分子复合多肽特殊膳食,699,300
国信大药房旗舰店,vitrakvi小分子活性肽正品术后大豆恢白复营胶原蛋白肽粉养饮品xc,118,300
华北普世德旗舰店,华北制药分离乳清蛋白粉蛋白质粉成人免疫力男女性健身运动营养粉,238,300
欢欢澳洲购,斯维诗Swisse纯乳清蛋白粉健身增肌中老年孕妇免疫力营养蛋白质粉,119,300
火山运动营养,VIKING北欧海盗分离乳清蛋白质粉男女运动健身增肌健肌蛋白营养粉,348,300
火山运动营养,六星益生菌增肌粉乳清蛋白瘦人增重增肌男健身六星增肌粉营养粉,40,300
肌友公社健身补剂原料,浓缩速溶乳清蛋白粉健身补剂WPC80增重增肌粉高蛋白质营养粉WPI90,56,300
嘉禾保健品特卖店,汤臣倍健双蛋白粉蛋白质营养正品老年人男女性免疫力药房同款增强,98,300
健邦特运动营养,肌肉科技六星益生菌乳清蛋白粉健身增肌粉乳清蛋白质营养粉,44,300
健康星球,450克】汤臣倍健蛋白粉450克 男女增强免疫大豆蛋白乳清双蛋白,140,300
健康源大药房旗舰店,雅培全安素900g官方旗舰店蛋白质全营养成人配方奶粉进口礼盒装克,228,300
健乐多官方旗舰店,汤臣倍健健乐多助增肌蛋白粉瘦人健身增重乳清蛋白质粉官方旗舰店,68,300
健乐多官方旗舰店,汤臣倍健健乐多乳清蛋白粉分离乳清蛋白质健身刷脂男女瘦人增肌粉,98,300
健身小肥军,健身小肥军ON欧普特蒙乳清蛋白粉WHEY奥普帝蒙蛋白质粉美国5磅,233,300
捷克老爹,欧盟老牌collamedic挪威冰川鳕鱼胶原蛋白1oo%纯肽分子高效蛋白粉,425,300
康比特官方旗舰店,康比特蛋白粉健身运动蛋白质粉【临期处理】营养健身男运动营养粉,19,300
康比特官方旗舰店,康比特健肌粉乳清蛋白增肌粉高蛋白瘦人增重增肌官方旗舰店蛋白粉,218,300
康比特官方旗舰店,康比特纯乳清蛋白粉蛋白增肌粉乳清蛋白质粉营养粉健身男官方旗舰,278,300
康比特体育科技旗舰店,康比特分离乳清蛋白粉增肌粉男女健身低脂增肌蛋白质粉官方旗舰店,138,300
康比特威科特专卖店,康比特炽金乳清蛋白质粉增肌健身男女运动营养补剂 75%高蛋白便携,268,300
康恩贝官方旗舰店,康恩贝蛋白粉乳清蛋白质粉增强免疫力学生中老年,259,300
康恩贝官方旗舰店,4罐装康恩贝金罐 蛋白粉乳清蛋白质粉增强免疫力学生中老年保健品,468,300
乐金宵保健品专营店,康恩贝蛋白粉金罐乳清蛋白质粉增强免疫力学生中老年人营养保健品,104,300
麦辣鸡翅运动补剂铺,诺特兰德女士乳清蛋白粉蛋白质粉女性健身运动饱腹餐营养粉正品,50,300
美凯威官方企业店,美凯威浓缩乳清蛋白500克罐高营养蛋白质粉男女健身健肌速溶WPC80,69,300
美凯威官方企业店,L-谷氨酰胺粉glutamine运动健身补剂增肌粉蛋白搭配氮泵一水肌酸,70,300
名人补剂,名人补剂康比特乳清蛋白粉健身增肌粉苏炳添运动益生菌分离蛋白粉,388,300
名人补剂,名人补剂muscletech肌肉科技增肌粉瘦人增重蛋白增肌粉进口蛋白粉,145,300
名人补剂,北欧海盗帝国乳清蛋白粉瘦人健身增肌粉男女分离蛋白质粉营养WHEY,283,300
名人补剂,肌肉科技六星益生菌乳清蛋白粉健身男女增肌增重健肌粉5磅装,139,300
魔法保健食品专营店,燕窝胶原蛋白营养粉官方旗舰店正品质增免搭强疫女性力补品血压低,78,300
潘高寿朴淳专卖店,白云山潘高寿高钙蛋白粉中老年人蛋白质乳清粉送长辈营养品大容量,63,300
雀巢健康科学海外旗舰店,雀巢蛋白粉 分离乳清蛋白质粉增肌蛋白补营养粉官方旗舰店正品3罐,358,300
雀巢健康科学特医食品旗舰店,雀巢肽敏舒特殊医学用途婴儿乳蛋白深度水解配方粉400g*6罐含乳糖,2208,300
融科保健品专营店,仁和蛋白质营养粉增强中老年成人乳清蛋白官方正品非免疫力补品,24,300
尚动食品专营店,汤臣倍健蛋白质粉乳清营养粉增强免疫力正品官方中老年人旗舰店,498,300
尚宏生物科技,包邮 L-谷氨酰胺粉500克运动健身补剂 增肌粉肌酸蛋白粉glutamine,15,300
深谷溪田旗舰店,深谷溪田益生菌羊乳蛋白粉儿童学生成人中老年营养早餐蛋白质粉,79,300
深谷溪田旗舰店,深谷溪田益生菌羊乳蛋白粉儿童学生成人中老年早餐营养蛋白质粉,79,300
深谷溪田旗舰店,深谷溪田益生菌羊乳蛋白粉成人儿童学生中老年营养早餐正品,79,300
汤臣倍健佰健专卖店,汤臣倍健yep胶原蛋白肽粉剂液态饮烟酰胺胶原精华官方旗舰店正品,159,300
汤臣倍健保健食品特惠店,2罐汤臣倍健蛋白质粉营养粉中老年人增强 免疫力乳清蛋白男女正品,810,300
天猫超市,汤臣倍健胶原蛋白肽液态饮正品旗舰官方肽粉口服液小分子胶原饮女,458,300
天猫超市,雅培益力佳SR低GI营养配方粉辅助降血糖400g*2含蛋白质膳食纤维,376,300
天猫超市,汤臣倍健蛋白质粉增强免疫力中老年人男女免疫球蛋白营养品2袋装,59,300
天猫超市,北京同仁堂多维高钙乳清蛋白质粉营养儿童中老年人增强蛋白免疫力,159,300
天猫超市,fiboo代餐奶昔粉蛋白代餐饱腹食品早晚餐营养主食速食冲饮代餐粉,155,300
天欣保健食品专营店,DG益生菌驼奶中老年蛋白质粉骆驼乳营养粉儿童蛋白粉驼奶粉正品,299,300
为粉丝开的店FOR FANS THE STORE,康比特乳清蛋白粉增肌粉低脂蛋白质营养粉增肌男女官方正品whey,388,300
为粉丝开的店FOR FANS THE STORE,ON欧普特蒙乳清蛋白粉5磅10磅健身金标奥普帝蒙增肌蛋白质粉WHEY,230,300
小雏菊国产俱乐部,安利纽崔莱蛋白质粉多种植物营养粉增加青少年孕妇中老年人免疫力,477,300
小小羊澳洲生活馆,Swisse纯乳清蛋白粉健身增肌增重中老年孕妇免疫力蛋白质粉斯维诗,142,300
欣希安保健品专营店,凯贝尔蛋白锌硒咀嚼片男锌硒片精锌硒宝之缘补锌质量育辛安素锌片,145,300
旭玖康保健食品专营店,膳力达德国进口动物短肽水解乳清蛋白质粉补品营养品粉送父母长辈,470,300
雪岩保健品专营店,益生菌高钙驼奶蛋白质粉中老年人搭补钙骨质疏松奶粉增强非免疫力,89,300
雅培特医营养品旗舰店,雅培全安素进口特医全营养粉含蛋白质肠内营养粉400g官方旗舰店,168,300
央企控股凯泰生物活性肽,北京凯泰小分子牛骨胶原蛋白肽粉1000道活性肽99%高纯度500克装,26,300
野牛家,康宝莱奶昔官方旗艦店官网正品国产代餐蛋白粉康宝莱蛋白营养粉,229,300
野牛家,安利纽崔莱蛋白质粉营养粉增强免疫力官方旗舰店采购官网正品孕妇,498,300
壹品保健食品,汤臣倍健蛋白粉营养粉蛋白质粉450g成人中老年营养双蛋白,135,300
亦花集旗舰店,汤臣倍健蛋白质粉官方旗舰店官网正品乳清植物老年人增强免疫力,119,300
远子的补剂铺,UP训练怪兽黑钻乳清蛋白粉高蛋白营养粉训练增健肌粉向上星球whey,248,300
远子的补剂铺,美国/UN优恩分离乳清蛋白粉ISO蛋白质94%含量5磅超肌肉科技特价,398,300
远子的补剂铺,Muscletech肌肉科技正氮蛋白粉白金健身增肌whey蛋白质分离增健肌,235,300
钊钊健身原料,正品浓缩wpc80乳清蛋白粉wpl90分离乳清蛋白粉增重增肌健身粉原粉,15,300
招财猫海外购,澳洲vida glow天然胶原蛋白肽粉深海鱼胶原蛋 白原味水解粉闪释粉,308,300
中粮保健品旗舰店,拍2发5】中粮益生菌蛋白粉植物双蛋白质营养粉成人可益康官方旗舰,189,300
中粮保健品旗舰店,蛋白粉乳清高钙铁锌蛋白质粉成人补品营养粉女性官方旗舰店正品,118,300
中粮保健品旗舰店,拍2发3】中粮蛋白粉蛋白质粉成人营养粉女性可益康官方旗舰店正品,139,300
中粮保健品旗舰店,中粮燕窝胶原蛋白液肽饮鱼胶原蛋白肽粉口服液饮品官方旗舰店正品,145,300
中粮保健品旗舰店,买2发3】中粮燕窝胶原蛋白肽液态饮精华粉小分子口服液正品旗舰店,145,300
卓叔瘦人增重店,卓叔增重【极瘦人群推荐】海德力Prosupps增肌粉瘦人增肥蛋白健身,299,300
姿美堂旗舰店,【主播推荐】姿美堂胶原蛋白肽粉液态饮正品口服液精华饮品zb,169,300
AD健身补剂,诺特兰德女士乳清蛋白450克女性蛋白粉蛋白质营养粉旗舰官网正品,48,400
Allmax保健品海外旗舰店,ALLMAX纯分离乳清蛋白粉蛋白质粉瘦人运动健身增肌粉营养粉whey,348,400
BANNYDEER旗舰店,BD能量必第乳清蛋白粉5磅健身增肌蛋白质粉非肌酸氨基酸赛霸乳清,100,400
careplus海外旗舰店,乳铁蛋白成人提高增强女大人老年人免疫力球蛋白质营养乳清蛋白粉,159,400
drogistplein海外旗舰店,美国杰诺jarrow乳铁蛋白成人中老年乳清蛋白粉胶囊猫咪免疫球蛋白,168,400
fiboo旗舰店,fiboo乳清蛋白粉浓缩蛋白质增肌粉女性运动健身官方旗舰店营养粉,149,400
KEEP MOMENT直营店企业店,KEEP MOMENT5磅乳清蛋白增肌粉榴莲km芒果酸奶抹茶味蛋白质战一粉,199,400
KEEPMOMENT旗舰店,KM蛋白粉热练系列蛋白质粉增健肌粉营养粉健身试用装方便携带,19,400
meiji明治食品旗舰店,【新品上市】明治SAVAS匝巴斯大豆蛋白运动营养粉1050g,229,400
MuscleLAB,意大利YAMAMOTO乳清蛋白粉运动健身增肌男女ON分离WHEY蛋白质营养,548,400
MyproteinCend海外专卖店,100次用量 Myprotein熊猫蛋白粉增健肌粉乳清蛋白质粉营养粉健身,360,400
ON奥普帝蒙海外旗舰,ON奥普帝蒙 金标乳清蛋白粉 WHEY健身营养增肌蛋白粉美国进口 5磅,528,400
ON奥普帝蒙旗舰店,ON奥普帝蒙 金标分离乳清蛋白粉1.6磅 健身蛋白质粉 美国进口,308,400
orgain海外旗舰店,【第四餐】Orgain傲感草饲牛胶原蛋白肽粉小分子水解精华饮品,269,400
swisse锦鲤专卖店,swisse斯维诗乳清蛋白质粉增强体质营养粉成人中老年健身官方正品,146,400
VitalProteins保健品海外旗舰店,VitalProteins雀巢胶原蛋白肽粉小分子进口牛胶精华284g美国进口,259,400
VTN海外旗舰店,【VTN】Vida Glow胶原蛋白水解小分子肽粉口服液美容精华女,328,400
WilliamAdams 四木能量,澳洲Maxines Burn女士专属乳清蛋白质粉 健身代餐女性,209,400
阿里健康大药房,蛋白粉增强免疫力官方旗舰店正品中老年人乳清营养蛋白质粉补品女,98,400
傲凡良品,法国原料 鱼胶原蛋白粉 小分子多肽液态饮精华肽正品非片纯粉,159,400
佰利欢腾,汤臣倍健乳清蛋白固体饮料香草味800g蛋白粉增肌健身女营养粉正品,208,400
北同连锁网店,北京同仁堂胶原蛋白肽口服液燕窝海参粉正品女性白官网官方旗舰店,31,400
倍思臣旗舰店,氨基酸口服液增强免疫力低中老年营养品调节乳母太太孕妇儿童体弱,158,400
草本上品,安利蛋白质粉增强中老年体质提高男女性免疫力纽崔莱蛋白营养粉,277,400
初元保健品旗舰店,江中初元蛋白粉增强免疫力中老年成人官方旗舰店正品蛋白质粉营养,109,400
茀洛莉娅旗舰店,胶原蛋白片肽粉软糖精华液态口服饮品丸全身正品旗舰店搭美白内服,158,400
赋能补剂,赛霸乳清蛋白粉健身增肌分离水解乳清蛋白质补剂塞霸whey健身男女,259,400
富硒康保健食品旗舰店,蛋白质粉增强免疫力抵抗胃养乳清中老年人营养正品【0添加剂】,63,400
汗宇正品运动补剂店高端品,赛霸乳清蛋白粉健身增肌分离蛋白质粉补剂whey增肥增重健肌粉男女,254,400
火山运动营养,氧气能量乳清蛋白质粉分离乳清蛋白粉健身瘦人增肌健肌男女蛋白质,213,400
火山运动营养,诺特兰德TG增肌粉乳清蛋白质粉健身瘦人增肌增重营养粉男健肌粉,30,400
康比特官方旗舰店,康比特蛋白粉女分离乳清左旋运动健身低脂减控蛋白质粉官方旗舰店,288,400
康比特体育科技旗舰店,康比特乳清蛋白益生菌增肌粉分离蛋白质粉运动健身官方旗舰店,79,400
麦斯通保健用品专营店,DHA蛋白质粉儿童学生增强搭记忆力补脑免疫力奶粉官方旗舰店正品,103,400
奈氏力斯旗舰,奈氏力斯高蛋白营养粉中老年人蛋白质粉免疫力补品骨折术后恢复,398,400
纽约阳光直销店,国产康宝莱营养蛋白粉增强优质免疫力蛋白质营养粉代餐粉官网正品,166,400
诺特兰德冠瑞特专卖店,诺特兰德10磅乳清蛋白粉双重蛋白质粉健身增肌粉运动分离水解乳清,229,400
诺特兰德旗舰,诺特兰德TG增肌粉乳清蛋白营养粉正品瘦人健身增重营养粉健肌粉,79,400
企业直销云店,安利纽崔莱蛋白质粉多种植物蛋白营养粉孕妇术后中老年免疫力提升,520,400
赛霸旗舰店,赛霸增肌粉复合乳清蛋白粉瘦子瘦人增重健身男增肌蛋白质粉旗舰店,59,400
深谷溪田旗舰店,深谷溪田益生菌驼奶粉蛋白质粉儿童学生成人中老年男女早餐营养粉,64,400
深谷溪田旗舰店,深谷溪田益生菌羊乳蛋白粉儿童学生成人中老年营养早餐蛋白质粉,79,400
深谷溪田旗舰店,深谷溪田益生菌驼奶蛋白粉中老年儿童学生成人营养早餐蛋白粉,64,400
深谷溪田旗舰店,深谷溪田益生菌驼奶蛋白粉中老年学生成人儿童营养早餐蛋白粉正品,64,400
深谷溪田旗舰店,HH深谷溪田益生菌羊乳蛋白粉学生成人儿童中老年男女营养蛋白粉,79,400
拾柴保健食品专营店,北京同仁堂蛋白营养粉官方旗舰店正品食品级浓缩乳清蛋白质粉大豆,29,400
拾氧旗舰店,拾氧分离乳清蛋白质粉女性运动健身蛋白增肌粉瘦人增重代餐营养粉,295,400
帅趣旗舰店,帅趣骆驼奶营养粉成人中老年老人骆驼奶粉蛋白粉350g,498,400
苏宁易购官方旗舰店,swisse斯维诗乳清蛋白粉蛋白质粉营养粉中老年送长辈旗舰正品3104,209,400
苏宁易购官方旗舰店,同仁堂蛋白粉营养高钙蛋白质粉植物儿童老年人官方旗舰店正品3050,59,400
汤臣倍健佰健专卖店,汤臣倍健胶原蛋白肽液态饮官方旗舰店正品yep小分子肽粉瓶口服液,69,400
汤臣倍健官方旗舰店,汤臣倍健Yep高光胶原蛋白粉高纯度烟酰胺液高光粉肽片鱼胶精华,176,400
汤臣倍健健领专卖店,汤臣倍健蛋白粉营养蛋白质粉增强免疫力中老年人女官方旗舰店正品,147,400
桃白白旗舰店,999桃白白胶原蛋白肽弹性胶原蛋白液态饮正品水解胶原肽粉口服液,209,400
天猫超市,谷本日记蛋白棒抖音同款高纤维健身营养代餐饱腹食品零食25g*6,49,400
天猫超市,北京同仁堂蛋白粉400g进口乳清蛋白营养品成人中老年增强免疫力,168,400
天猫国际自营全球超级店,【自营】美国雀巢健康科学蛋白补227g/罐白蛋白质增肌营养粉补充,128,400
天猫国际自营全球超级店,【自营】GLGFAS乳清蛋白速愈素化疗营养品术后恢复补充营养粉,282,400
天欣保健食品专营店,LLQ益生菌驼奶中老年蛋白质粉骆驼乳营养粉儿童蛋白粉驼奶粉正品,299,400
天欣保健食品专营店,益生菌驼奶中老年蛋白质粉骆驼乳营养粉儿童蛋白粉驼奶粉正品TD,299,400
为粉丝开的店FOR FANS THE STORE,肌肉科技六星增肌粉益生菌蛋白纯乳清蛋白粉质粉增肌瘦人增重健肌,126,400
为粉丝开的店FOR FANS THE STORE,康比特分离乳清蛋白粉低脂增肌增重健身男女增肌粉官方正品whey,278,400
小隆人正品补剂商城,正品康比特分离乳清蛋白粉4磅低脂蛋白质粉运动健身增肌乳糖不耐,278,400
旭康保健食品专营店,燕窝胶原蛋白营养粉官方旗舰店正品老年人搭增强女性免疫力质提高,78,400
嫣儿海外代购,嫣儿德国雀巢纯动物乳清蛋白粉800克 高纯度术后试管饱腹无糖送勺,245,400
颜如玉娜美专卖店,颜如玉胶原蛋白口服液官网正品旗艦店液态饮水解粉亢糖化丸精华肽,238,400
怡可纳旗舰店,怡可纳乳清蛋白粉男女whey2磅乳清75%健身运动纯乳清蛋白质粉,99,400
直销企业直供店,安利纽崔莱蛋白质粉多种植物营养粉增强青少年孕妇中老年,520,400
中粮保健品旗舰店,中粮蛋白粉蛋白质粉植物大豆豌豆男女性蛋白营养粉官方旗舰店正品,178,400
卓叔瘦人增重店,卓叔增重【7磅送3礼】肌肉科技Muscletech蛋白增肌粉瘦人增肥健身,388,400
Chodown肆吃补剂,Muscletech肌肉科技白金乳清蛋白粉健身增肌分离蛋白质粉美国进口,185,500
fiboo旗舰店,fiboo乳清蛋白质粉蛋白增肌粉女性运动健身官方旗舰店代餐营养粉,79,500
HAoran健身补剂原料,Myprotein熊猫乳清蛋白质粉2.2磅5.5磅增肌塑型乳清蛋白粉健身,148,500
lifehealthier旗舰店,胶原蛋白肽官方旗舰店正品液态饮粉丸非控糖抗糖抗氧化葡萄籽口服,158,500
MH健身健康馆,诺特兰德小黄瓶铂金左旋肉碱十万左旋2万0补剂咖啡液体氮泵健,111,500
muscletech官方旗舰店,肌肉科技分离乳清蛋白增肌粉男女健身低脂增肌蛋白质粉官方旗舰店,268,500
Muscletech海外旗舰店,肌肉科技蛋白粉5磅纯分离水解乳清蛋白质粉健身增肌粉官方旗舰店,298,500
VitalProteins保健品海外旗舰店,Vital Proteins雀巢大蓝罐胶原蛋白肽粉小分子美国进口粉剂567g,439,500
阿里健康大药房,汤臣倍健胶原蛋白肽官方旗舰店正品yep液态饮口服液鱼小分子肽粉,99,500
傲凡良品,抗糖化型 法国鱼胶原蛋白粉  谷胱甘肽水解液态饮精华丸正品300g,193,500
奥健补剂,STT怪兽高纯一水肌酸粉增肌提升力量爆发力非氮泵bcaa乳清蛋白粉,44,500
柏佳康大药房旗舰店,北京同仁堂蛋白质粉中老年人营养粉补品增强免疫力官方旗舰店正品,78,500
草本上品,安利蛋白质粉纽崔莱蛋白营养粉草莓味核桃肽植物多维钙质蛋白饮品,294,500
迪卡侬旗舰店,迪卡侬蛋白粉分离乳清蛋白质粉左旋肉碱低脂whey健身男临期END1,199,500
恩威万旗舰店,恩威万益生菌多维高钙骆驼奶蛋白粉儿童成人中老年通用320g均衡补,29,500
健邦特运动营养,VIKING北欧海盗帝国乳清蛋白质粉5磅 健身增肌粉男瘦人健肌粉营养,283,500
健邦特运动营养,马泰时刻乳清蛋白质粉whey蛋白粉健身运动男女营养增肌增重2磅5磅,85,500
健美黑军健美补剂正品店,ON奥普帝蒙乳清蛋白粉WHEY运动增肌健身金标欧普特蒙蛋白质粉5磅,230,500
诺特兰德冠瑞特专卖店,诺特兰德乳清蛋白粉浓缩营养粉正品增肌健身运动2磅乳清蛋白质粉,89,500
企业直销官署店,安利纽崔莱植物蛋白质粉男女士大豆蛋白健身孕妇术后提升增强体质,508,500
雀巢健康科学特医食品旗舰店,雀巢佳膳悠选特医全营养配方中老年乳清蛋白400g优选营养粉旗舰店,188,500
汤臣倍健爱生活保健品店,汤臣倍健蛋白粉营养粉乳清蛋白质粉增强中老年成人男女免疫力正品,249,500
汤臣倍健佰健专卖店,汤臣倍健儿童蛋白质粉青少年学生补充蛋白营养粉官方旗舰店正品,276,500
汤臣倍健佰健专卖店,汤臣倍健增肌粉纯乳清蛋白质粉健身男瘦人增重增肌高营养粉蛋白粉,189,500
汤臣倍健官方旗舰店,汤臣倍健蛋白粉纯乳清蛋白质粉成人女性男士营养品官网正品旗舰店,297,500
汤臣倍健官方旗舰店,汤臣倍健纯乳清蛋白质粉罐蛋白粉中老年人成人营养官方旗舰店正品,594,500
天猫超市,康恩贝金罐 蛋白粉增强免疫力400g乳清蛋白质粉中老年人营养保健,299,500
天猫超市,汤臣倍健纯乳清蛋白质粉蛋白粉400g中老年成人营养官网正品官方店,348,500
天猫国际自营全球超级店,【自营】【热巴同款】Swisse斯维诗乳清蛋白质粉氨基酸营养粉450g,249,500
天猫国际自营全球超级店,【自营】Orgain傲感有机植物豌豆蛋白粉0蔗糖全家营养补充营养粉,209,500
天猫国际自营全球超级店,【自营】热巴同款Swisse斯维诗乳清蛋白质粉氨基酸营养粉450g*2罐,478,500
悟健运动商贸,氧气能量乳清蛋白质粉试用装ISO分离乳清whey粉运动补剂健身食品,35,500
养生堂旗舰店,养生堂蛋白粉正品旗舰店中老年人乳清大豆蛋白质粉增强免疫力官方,468,500
亦舒堂旗舰店,亦舒堂康琼氨基酸官方正品旗舰店非同仁堂中老年人安基酸口服饮液,168,500
远子的补剂铺,ALLMAX分离ISOFLEX90乳清蛋白粉健身增肌5磅0脂肪0乳糖备赛非欧普,338,500
臻堂养生,同仁堂降血糖的玉米须桑叶茶苦瓜青钱柳正品降压三高血压血脂降糖,14,500
郑州金诺生物科技,谷氨酰胺 健身氨基酸 L-谷氨酰胺 运动健身补剂 增肌粉蛋白粉包邮,14,500
Chodown肆吃补剂,肌肉科技六星益生菌增肌粉乳清蛋白质瘦人增重运动健身增肌粉,40,600
maxines旗舰店,澳洲进口maxines女性蛋白粉分离乳清运动营养粉左旋肉碱健康,229,600
Muscle Kangaroo,诺特兰德TG增肌粉乳清蛋白健身食品官方旗舰正品店男女瘦人增重,24,600
muscletech官方旗舰店,Muscletech肌肉科技正氮乳清蛋白质粉健身增肌粉官方旗舰店正品男,398,600
muscletech官方旗舰店,肌肉科技零度分离乳清蛋白增肌粉健身纯营养低脂肪高蛋白质粉whey,458,600
Muscletech海外旗舰店,肌肉科技bcaa支链氨氨基酸肌酸氮泵健身运动补剂支链氨基酸蛋白粉,198,600
Myprotein海外旗舰店,5.5磅分离 Myprotein熊猫分离乳清蛋白质粉瘦人增健肌运动营养粉,550,600
ON奥普帝蒙旗舰店,ON奥普帝蒙 金标分离乳清蛋白粉5磅 健身WHEY蛋白质粉 美国进口,738,600
ultraperformance旗舰店,UP训练怪兽分离乳清蛋白粉增肌粉男女健身训练运动高蛋白质营养粉,469,600
UNOMI旗舰店,UNOMI小满瓶胶原蛋白肽液态饮小分子肽粉口服液官方旗舰店正品,148,600
阿里健康大药房,同仁堂燕窝红参胶原蛋白肽液态饮品原液粉提拉紧致官方旗舰店正品,298,600
阿里健康大药房,汤臣倍健蛋白质粉植物蛋白营养粉官方旗舰店正品女性,79,600
阿里健康大药房,同仁堂增肥增胖痩人长胖快速长肉益生菌增重蛋白质粉男性女性食品,89,600
贝德森品牌店,贝德森益生菌蛋白粉成年儿童中老年增强免疫早餐营养高蛋白质粉,168,600
国药品牌自营店铺,北京同仁堂金奥力牌蛋白质粉老年人增强营养免疫力官方旗舰店正品,37,600
华北普世德旗舰店,华北制药蛋白粉成人动植物双蛋白质粉中老年人营养官方旗舰店正品,162,600
火山运动营养,KEEP MOMENT乳清蛋白粉热练乳清蛋白粉KM乳清蛋白健身战1增肌5磅,199,600
火山运动营养,马泰时刻乳清蛋白质蛋白粉健身运动男女营养增健肌粉代餐2磅袋装,85,600
火山运动营养,马泰时刻乳清蛋白质粉whey蛋白健身运动男女营养增肌增重5磅,85,600
久康大药房旗舰店,中老年人益生菌蛋白质营养粉官方旗舰店正品蛋白增强非免疫力无糖,88,600
康恩贝官方旗舰店,2罐康恩贝蛋白粉乳清蛋白质粉增强免疫力学生中老年营养保健品,259,600
亮轻盈保健品旗舰店,亮轻盈燕窝肽胶原蛋白肽饮 小分子粉瓶维C鱼胶原血橙口服液精华饮,99,600
六星旗舰店,肌肉科技六星益生菌蛋白粉男女健身增肌健形乳清蛋白质粉增肌粉,69,600
纽约阳光直销店,国产康宝莱奶昔蛋白营养粉官网旗艦店正品 饱腹代餐粉红豆薏苡仁,233,600
诺特兰德冠瑞特专卖店,诺特兰德支链氨基酸bcaa健身非乳清蛋白增肌粉氮泵支链肌酸,29,600
诺特兰德汉庸专卖店,诺特兰德增肌粉乳清蛋白质粉健身瘦人TG增肌增重营养粉男健肌粉,169,600
诺特兰德旗舰,诺特兰德乳清蛋白粉分离水解乳清增肌粉健身男益生菌蛋白质营养粉,169,600
雀巢健康科学特医食品旗舰店,雀巢肽敏舒特殊医学用途婴儿乳蛋白深度水解配方粉400g 含乳糖,368,600
漱玉平民大药房旗舰店,汤臣倍健蛋白质粉增强免疫力营养蛋白粉官方旗舰店正品,218,600
天猫超市,北京同仁堂蛋白粉营养品增强免疫进口乳清蛋白成人男女性送礼30袋,109,600
天猫超市,康恩贝蛋白粉礼盒400gX2罐乳清营养中老年男女增强免疫过年送礼,119,600
唯一食品特产,正品浓缩wpc80乳清蛋白粉wpl90分离乳清蛋白粉增重增肌健身粉原粉,15,600
小牛之家,汤臣倍健蛋白粉营养粉蛋白质粉儿童中老年免疫力父母长辈送礼450g,55,600
雅培特医营养品旗舰店,雅培益力佳SR进口营养配方粉低GI辅助降血糖蛋白质粉官方旗舰,178,600
氧气能量旗舰店,氧气能量五磅四重乳清分离水解蛋白粉浓缩牛奶增肌粉蛋白粉质粉,184,600
远子的补剂铺,Muscletech肌肉科技白金纯乳清蛋白质粉健身增肌粉分离蛋白健肌男,185,600
甄选营养食品企业店,汤臣倍健蛋白质粉双蛋白营养粉增强中老年人免疫力正品官方旗舰店,359,600
姿美堂旗舰店,姿美堂烟酰胺胶原蛋白肽液态饮正品光感小白口服小分子粉精华官网,69,600
Chodown肆吃补剂,肌肉科技六星分离乳清蛋白质粉健身健身运动增肌男女蛋白粉3磅,119,700
KEEPMOMENT旗舰店,KEEP MOMENT乳清蛋白粉热练系列5磅km战1增肌健身乳清蛋白粉,199,700
maction迈胜旗舰店,蒙牛迈胜20g液体乳清蛋白质健身能量补剂运动营养蛋白粉备赛训练,99,700
Myprotein海外旗舰店,拍10袋69元 Myprotein官方旗舰店熊猫乳清蛋白质粉小样试用装25g,35,700
ultraperformance旗舰店,UP训练怪兽官方旗舰店黑钻乳清蛋白粉,300,700
阿里健康大药房,同仁堂胶原蛋白肽液态口服液提拉紧致燕窝肽饮品粉官方旗舰店正品,59,700
阿里健康大药房,Swisse斯维诗胶原水光粉透明质酸钠胶原蛋白固体饮料28包【效期】,162,700
阿里健康大药房,汤臣倍健胶原蛋白肽官方旗舰店正品yep液态饮口服液鱼小分子肽粉,99,700
柏佳康大药房旗舰店,同仁堂乳清蛋白质粉中老年人女性增强免疫力营养品官方旗舰店正品,49,700
典唯品牌店,典唯增肌粉乳清蛋白质粉健身氨基酸粉增肌营业分重蛋白粉增肌粉正,128,700
都市贝贝母婴奶粉店,到26年雅培全安素全营养配方粉蛋白麦香代餐中老年900g,95,700
朵颜朵姿保健品旗舰店,3盒烟酰胺胶原蛋白液态饮正品玻尿酸提亮弹性小分子肽粉口服精华,69,700
健美黑军健美补剂正品店,BD必第能量乳清蛋白粉5磅健身蛋白质whey抹茶乳清蛋白分离增肌,99,700
康比特体育科技旗舰店,康比特乳清蛋白粉蛋白增肌粉健身男乳清蛋白质粉便携装30g*5袋,19,700
深谷溪田旗舰店,深谷溪田益生菌羊乳蛋白粉儿童学生成人中老年蛋白质粉早餐营养,79,700
深谷溪田旗舰店,深谷溪田益生菌驼奶蛋白粉成人儿童中老年蛋白质粉早餐营养,64,700
汤臣倍健官方旗舰店,汤臣倍健健身增肌粉纯乳清蛋白质粉男瘦人增重增肌腱营养粉旗舰店,88,700
汤臣倍健官方旗舰店,汤臣倍健胶原蛋白肽口服液yep磁感小粉瓶养颜胶原蛋白液态精华饮,1809,700
汤臣倍健官方旗舰店,高圆圆同款】汤臣倍健小金罐蛋白质粉乳清成人男女营养官方旗舰店,285,700
天猫超市,汤臣倍健蛋白质粉乳清中老年免疫球蛋白成人补充营养品增强免疫力,788,700
野兽的补剂商城,ALLMAX分离乳清蛋白粉ISOFLEX健身增肌粉whey无糖乳清蛋白质粉5磅,338,700
野兽的补剂商城,赛霸肌酸粉300g一水肌酸男女健身增健肌蛋白粉爆发力耐力非氮泵,35,700
亦花集旗舰店,汤臣倍健蛋白质粉官方旗舰店官网正品乳清蛋白中老年人增强免疫力,78,700
远子的补剂铺,VIKING北欧海盗帝国乳清蛋白质粉5磅 健身增肌粉男瘦人健肌粉营养,283,700
远子的补剂铺,VIKING北欧海盗一水肌酸粉 350g增加爆发力耐力健身 非蛋白增肌粉,75,700
muscletech官方旗舰店,Muscletech肌肉科技蛋白增肌粉健身男瘦人增重7磅纯乳清蛋白质粉,258,800
orgain海外旗舰店,【强体质】Orgain有机植物豌豆蛋白质粉健身增强免疫低糖全家营养,209,800
阿里健康大药房,北京同仁堂蛋白质粉中老年人增强免疫力营养蛋白粉官方旗舰店正品,178,800
澳佳美医疗器械专营店,Swisse斯维诗胶原蛋白肽水光粉口服液玻尿酸蛋白饮官方旗舰店正品,48,800
和翌昌保健品专营店,Swisse斯维诗乳清蛋白粉营养蛋白质粉中老年人免疫力男女官方旗舰,129,800
吉吉海外直销店,美国安利纽崔莱蛋白质粉增强孕妇儿童中老年人免疫营养粉官方正品,175,800
康比特官方旗舰店,康比特益生菌增肌粉瘦人增重增肌乳清蛋白质粉健肌粉健身男女运动,409,800
康恩贝雄起专卖店,康恩贝蛋白粉乳清蛋白营养保健青少年学生中老年人增强免疫力正品,113,800
诺特兰德冠瑞特专卖店,诺特兰德tg增肌粉5磅乳清蛋白质粉瘦人健身运动重官方旗舰正品店,79,800
赛霸旗舰店,CPTKING赛霸分离乳清蛋白粉低脂健身增健肌蛋白质粉4磅官方旗舰店,199,800
尚宏生物科技,包邮WPI90分离乳清蛋白粉WPC80浓缩速溶乳清蛋白粉健身增肌粉原粉,59,800
松猫四川专卖店,益生菌驼奶粉蛋白质粉儿童青少年中老年人乳清胶原蛋白粉营养粉,299,800
苏宁易购官方旗舰店,Swisse斯维诗乳清蛋白粉补充蛋白质健身营养粉澳洲进口送亲人3104,158,800
汤臣倍健官方旗舰店,蛋白质粉男女补充增强免疫力礼盒长辈成人官方旗舰店,842,800
天猫超市,同仁堂蛋白粉中老年人增强免疫力蛋白质粉营养礼品官方旗舰正品店,198,800
欣希安保健品专营店,男凯贝尔蛋白锌硒咀嚼片育补锌硒片辛硒提高锌片精锌硒宝活力之缘,666,800
鑫航的,美国WPI90分离乳清蛋白粉健身增肌粉进口WPC80浓缩低脂高蛋白原粉,28,800
优美甄选食品店,斯维诗swisse胶原蛋白肽水光粉官方旗舰店正品口服玻尿酸小分子饮,23,800
lifehealthier旗舰店,胶原蛋白粉软糖肽胶囊正品官方旗舰店非美白美颜抗延缓衰老保健品,198,900
maxines旗舰店,澳洲maxines蛋白粉女性左旋运动左旋肉碱乳清蛋白质粉健身补剂,229,900
MUSCLETECH运动营养旗舰店,肌肉科技分离乳清蛋白粉增肌粉男女健身增肌高蛋白质粉官方旗舰店,208,900
Myprotein海外旗舰店,临期特价 myprotein蛋白粉 蛋白棒 bcaa 氨基酸 片剂胶囊等,35,900
阿里健康大药房,同仁堂胶原蛋白肽液态饮正品口服液燕窝烟酰胺肽粉饮品官方旗舰店,29,900
典唯品牌店,典唯蛋白粉分离乳清增肌粉健身男女蛋白粉瘦人增肌增重蛋白质粉,126,900
健邦特运动营养,ON欧普特蒙乳清蛋白粉5磅10磅健身金标奥普帝蒙增肌蛋白质粉WHEY,235,900
美凯威官方企业店,正品浓缩乳清蛋白粉袋装健身补剂增重增肌粉高蛋白质营养粉wpc80,66,900
诺特兰德营养自营店,诺特兰德tg增肌粉乳清蛋白粉瘦人增健身重男健肌粉蛋白质营养粉,23,900
雀巢健康科学海外旗舰店,雀巢蛋白补乳清蛋白质粉营养粉健康管理补充奶粉健身增肌粉*1,128,900
上善保健食品专营店,T美盾 益生菌驼乳营养粉320g蛋白营养粉益生菌驼乳营养粉官方正品,299,900
上善保健食品专营店,L美盾 益生菌驼乳营养粉320g蛋白营养粉益生菌驼乳营养粉官方正品,299,900
尚动食品专营店,汤臣倍健蛋白质粉乳清营养粉正品官方中老年男女增强免疫力旗舰店,239,900
汤臣倍健佰健专卖店,汤臣倍健乳清蛋白质粉蛋白营养粉女性老年人免疫力官方正品旗舰店,200,900
天猫超市,同仁堂蛋白粉乳清蛋白质粉中老年人增强免疫力营养正品官方店旗舰,69,900
卓叔瘦人增重店,卓叔增重【0乳糖+好消化】肠胃差推荐 海德力水解增肌粉瘦人蛋白,248,900
lifehealthier旗舰店,增加提高增强免疫力女性体质抵抗力营养蛋白质粉白蛋白儿童男性女,158,1000
meiji明治食品旗舰店,明治SAVAS匝巴斯进口乳清蛋白运动营养粉 1050g,285,1000
Muscletech海外旗舰店,肌肉科技纯乳清蛋白粉瘦人增肌增重健肌粉健身男士官方旗舰店正品,278,1000
Myprotein海外旗舰店,第二件半价 Myprotein熊猫乳清蛋白质粉250g蛋白增肌健肌粉蛋白粉,85,1000
Myprotein海外旗舰店,2.2磅分离 Myprotein熊猫乳清分离蛋白质粉瘦人增健肌重健身男女,210,1000
ON奥普帝蒙旗舰店,ON奥普帝蒙 金标乳清蛋白质粉健身WHEY蛋白粉 2磅,268,1000
POWERBUFF旗舰店,紫光优健POWERBUFF5磅乳清蛋白质粉炽炼系列三重矩阵分离浓缩水解,294,1000
swisse官方旗舰店,Swisse斯维诗乳清蛋白质粉中老年免疫力男女成人蛋白营养粉旗舰店,259,1000
swisse官方旗舰店,Swisse斯维诗胶原水光粉透明质酸钠胶原蛋白固体饮料口服玻尿酸,259,1000
swisse正品奥莱店,新升级swisse斯维诗玻尿酸胶原蛋白肽饮品水光粉小分子血橙胶原肽,99,1000
wildfieldhealth旗舰店,荒野健康健身蛋白粉便携款男女分离乳清whey蛋白质粉增肌粉小袋装,287,1000
阿里健康大药房,增肥增胖瘦子快速增重益生菌蛋白质粉男性女性官方旗舰店正品,39,1000
阿里健康大药房,康恩贝金罐 蛋白粉增强免疫力乳清蛋白质粉中老年男女营养保健品,119,1000
阿里健康大药房,同仁堂蛋白质粉中老年成人男女营养品提高增强免疫力官方旗舰店,69,1000
阿里健康大药房,同仁堂蛋白粉中老年人营养蛋白质粉增强免疫力女官方旗舰店正品体,89,1000
阿里健康大药房,白云山益生菌增肌粉瘦人增重增肌乳清蛋白质粉健肌身增肥增胖男性,69,1000
阿里健康大药房,黄金搭档蛋白粉增强免疫力中老年人蛋白质粉男女营养品官方旗舰店,58,1000
傲凡良品,法国 多维鱼胶原蛋白粉 全面营养真皮 含抗糖化玻尿酸 弹性蛋白肽,784,1000
澳佳美医疗器械专营店,Swisse斯维诗胶原蛋白肽饮口服液态透明质酸钠粉官方旗舰店正品,113,1000
百革大药房旗舰店,蛋白质粉无糖中老年人增强免疫力蛋白粉乳清营养品官方旗舰店正品,49,1000
豹哥的补剂店,豹哥补剂 奥普帝蒙ON蛋白粉WHEY运动增肌健身乳清蛋白质粉美国5磅,233,1000
北欧海盗旗舰店,北欧海盗蛋白增肌粉瘦人增重乳清蛋白粉健身男增肌蛋白质高营养粉,88,1000
草本上品,安利纽崔莱蛋白质粉多种植物蛋白营养粉增强孕妇中老年成人免疫力,520,1000
草本上品,国产康宝莱营养蛋白粉官网旗艦增强正品免疫力蛋白质营养粉代餐粉,167,1000
火山运动营养,北欧海盗帝国乳清蛋白粉5磅男女健身增肌增重瘦人健肌粉补充营养,283,1000
健身小肥军,欧普特蒙ON蛋白质粉美国进口WHEY金标乳清蛋白奥普帝蒙非国产5磅,468,1000
康比特官方旗舰店,康比特分离乳清88%高蛋白分离乳清低脂肪增肌雕刻男女健身,39,1000
康比特官方旗舰店,康比特分离乳清蛋白粉增肌粉男女健身增肌低脂蛋白质粉官方大桶装,568,1000
康比特官方旗舰店,康比特乳清蛋白粉增肌粉低脂蛋白质营养粉健身增肌男女官方旗舰店,478,1000
康比特体育科技旗舰店,康比特益生菌增肌粉蛋白粉健身瘦人增重增健肌粉男增肥官方旗舰店,199,1000
康恩贝官方旗舰店,康恩贝 蛋白粉蛋白质粉乳清营养粉植物男女增强免疫力中老年补品,68,1000
名人补剂,UP训练怪兽乳清蛋白粉黑钻男女运动增肌分离蛋白质营养粉抖音同款,248,1000
名人补剂,肌肉科技六星益生菌增肌粉瘦人增肌增重蛋白粉运动健身蛋白营养粉,40,1000
名人补剂,欧普特蒙ON乳清蛋白粉进口健身运动奥普帝蒙金标增肌分离蛋白质粉,230,1000
南纬11度全球购,斯维诗Swisse纯乳清蛋白粉健身增肌中老年孕妇免疫力营养蛋白质粉,158,1000
纽特舒玛旗舰店,纽特舒玛分离乳清蛋白质粉术后营养健康中老年人成人官方进口正品,588,1000
诺特兰德子贡专卖店,诺特兰德tg增肌粉蛋白粉增健肌瘦人男女健身重蛋白增肌粉官方正品,79,1000
启伴食研社,双塔食品启伴有机植物豌豆蛋白粉无糖营养增强免疫无过敏源饮料,208,1000
赛霸旗舰店,赛霸乳清蛋白粉2磅三重乳清健身增健肌蛋白质粉whey官方旗舰店,139,1000
上善保健食品专营店,美盾 益生菌驼乳营养粉320g蛋白营养粉益生菌驼乳营养粉官方正品,299,1000
深谷溪田旗舰店,深谷溪田益生菌驼奶蛋白粉学生中老年成人儿童早餐营养蛋白粉,64,1000
深谷溪田旗舰店,深谷溪田益生菌驼奶蛋白粉中老年学生成人儿童营养早餐蛋白粉,64,1000
深谷溪田旗舰店,深谷溪田益生菌羊乳蛋白粉儿童学生成人中老年蛋白质粉早餐营养,79,1000
深谷溪田志华专卖店,深谷溪田益生菌驼奶粉蛋白质粉儿童学生成人中老年男女营养早餐,64,1000
速刻轻保健品专营店,北京同仁堂胶原蛋白肽粉液态饮正品口服液燕窝小分子官方旗舰正品,129,1000
汤臣倍健佰健专卖店,汤臣倍健蛋白粉营养蛋白质粉增强免疫力老年人女性官方旗舰店正品,148,1000
汤臣倍健佰健专卖店,汤臣倍健健乐多纯乳清蛋白粉分离乳清蛋白质增肌粉健身刷脂男女,98,1000
汤臣倍健官方旗舰店,蛋白质粉成人男女补充增强免疫力礼盒旗舰店,842,1000
汤臣倍健官方旗舰店,汤臣倍健蛋白质粉植物大豆豌豆蛋白粉成人男女健康营养官方旗舰店,124,1000
汤臣倍健官方旗舰店,汤臣倍健口服胶原蛋白饮 yep磁感小粉瓶养颜胶原蛋白精华液态饮,623,1000
汤臣倍健官方旗舰店,汤臣倍健小金罐蛋白粉试用装（10g/袋x2袋）,2,1000
汤臣倍健官方旗舰店,汤臣倍健yep磁感小粉瓶小分子胶原蛋白肽饮精华官旗,785,1000
汤臣倍健官方旗舰店,汤臣倍健蛋白质粉植物蛋白大豆豌豆蛋白成人男女营养品官方旗舰店,278,1000
汤臣倍健健领专卖店,汤臣倍健蛋白质粉植物蛋白营养粉中老年人补品女性官方旗舰店正品,128,1000
汤臣倍健食品旗舰店,汤臣倍健蛋白粉营养蛋白质粉增强免疫力中老年人女官方旗舰店正品,298,1000
汤臣倍健众华朗臣专卖店,汤臣倍健胶原蛋白肽粉官方旗舰店正品液态饮小分子精华口服液官网,159,1000
汤臣倍健众华朗臣专卖店,汤臣倍健蛋白粉营养老年人女性官方旗舰店正品蛋白质粉增强免疫力,298,1000
汤臣倍健众华朗臣专卖店,汤臣倍健胶原蛋白肽液态饮正品官方旗舰店小分子鱼肽粉yep口服液,99,1000
天猫超市,汤臣倍健蛋白粉营养蛋白质粉增强免疫力老年人女性官方旗舰正品,193,1000
天猫超市,Swisse斯维诗营养乳清蛋白粉450g*1罐运动健身增加抵御力,309,1000
天猫超市,Swisse斯维诗乳清蛋白粉450g×2送礼含摇摇杯礼盒,548,1000
天猫超市,北京同仁堂蛋白粉增强免疫力成人中老年营养品进口乳清蛋白450g,129,1000
天猫超市,Swisse斯维诗乳清蛋白粉固体饮料450g*2罐增强抵御力补充蛋白质,548,1000
天猫国际自营全球超级店,【自营】ON奥普帝蒙金装乳清蛋白粉增肌粉营养粉健肌粉WHEY5磅/罐,538,1000
天欣保健食品专营店,O益生菌驼奶中老年蛋白质粉骆驼乳营养粉儿童蛋白粉驼奶粉正品,299,1000
天欣保健食品专营店,Q官方正品益生菌驼乳营养粉蛋白质粉骆驼乳营养粉儿童蛋白粉320g,299,1000
天欣保健食品专营店,W益生菌驼奶中老年蛋白质粉骆驼乳营养粉儿童蛋白粉驼奶粉正品,299,1000
天欣保健食品专营店,S益生菌驼奶中老年蛋白质粉骆驼乳营养粉儿童蛋白粉驼奶粉正品,299,1000
炫动保健食品专营店,汤臣倍健蛋白粉蛋白质乳清营养增强免疫力中老年人正品官方旗舰店,239,1000
雅培特医营养品旗舰店,雅培益力佳SR营养配方粉进口含蛋白质粉辅助降血糖低GI官方旗舰店,178,1000
雅培特医营养品旗舰店,雅培全安素特医全营养配方粉含蛋白质粉肠内营养粉麦香官方旗舰店,268,1000
氧气能量旗舰店,OXYENERGY氧气能量乳清蛋白粉旗舰店健身增肌粉正品乳清蛋白质粉,203,1000
悠悠养生滋补店,汤臣倍健蛋白粉中老年成人男女免疫力营养粉3桶共450g,128,1000
甄选营养食品企业店,汤臣倍健蛋白粉质乳清营养中老年增强官方旗舰店免疫力正品男女性,228,1000
中粮保健品旗舰店,拍2发5桶】中粮蛋白粉营养粉补品乳清男女人参蛋白质粉旗舰店正品,238,1000
姿美堂旗舰店,姿美堂胶原蛋白肽粉液态饮小分子口服液精华饮官方旗舰店正品,178,1000
Allmax保健品海外旗舰店,ALLMAX天然分离乳清蛋白粉纯乳清蛋白质粉增肌粉瘦人运动无糖whey,348,2000
muscletech官方旗舰店,肌肉科技纯乳清蛋白质增肌粉健身营养粉官方旗舰店正品分离男whey,268,2000
ultraperformance旗舰店,UP训练怪兽官方旗舰店黑钻乳清蛋白粉浓缩增健肌绿钻运动营养粉,265,2000
阿里健康大药房,香丹清高钙蛋白质粉中老年人免疫力乳清蛋白营养粉增强官方旗舰店,54,2000
阿里健康大药房,江中初元蛋白质粉中老年成人增强免疫力营养蛋白粉官方旗舰店正品,98,2000
阿里健康大药房,康恩贝 蛋白粉400g*2增强免疫力营养蛋白质粉男女性中老年人官方,99,2000
草本上品,国产康宝莱奶昔蛋白营养粉官网旗艦店正品代餐饱腹套餐红豆薏苡仁,235,2000
宠洛洛医药旗舰店,Yg香港养生堂益生菌高钙驼奶粉中老年儿童成人早餐营养驼奶粉C5,169,2000
宠洛洛医药旗舰店,YG香港养生堂益生菌高钙驼奶粉中老年儿童成人早餐营养驼奶粉,169,2000
宠洛洛医药旗舰店,C1香港养生堂益生菌高钙驼奶粉中老年儿童成人早餐营养驼奶粉,169,2000
名人补剂,Muscletech肌肉科技白金乳清蛋白粉健身增肌运动分离蛋白质粉进口,185,2000
深谷溪田旗舰店,深谷溪田益生菌羊乳蛋白粉儿童学生成人中老年蛋白质粉早餐营养,79,2000
深谷溪田旗舰店,深谷溪田益生菌驼奶蛋白粉中老年学生儿童成人早餐营养蛋白质粉,64,2000
深谷溪田旗舰店,深谷溪田益生菌羊乳蛋白粉学生儿童成人中老年营养早餐正品,79,2000
深谷溪田志华专卖店,深谷溪田益生菌羊乳蛋白粉儿童成人学生成人中老年蛋白质粉早餐,79,2000
汤臣倍健佰健专卖店,汤臣倍健蛋白质粉植物营养粉增强中老年官方旗舰店官网正品免疫力,128,2000
汤臣倍健佰健专卖店,汤臣倍健胶原蛋白肽液态饮官方旗舰店正品口服液yep小分子粉官网,223,2000
汤臣倍健佰健专卖店,汤臣倍健健乐多蛋白增肌粉乳清蛋白质粉瘦人健身增重男增肌营养粉,68,2000
汤臣倍健官方旗舰店,汤臣倍健蛋白质粉营养双蛋白男女成人增强免疫力官网便携中老年人,196,2000
汤臣倍健健领专卖店,汤臣倍健蛋白粉营养蛋白质粉增强免疫力中老年人女官方旗舰店正品,298,2000
汤臣倍健众华朗臣专卖店,汤臣倍健蛋白粉营养蛋白质粉增强免疫力官方旗舰店正品老年人女性,147,2000
汤臣倍健众华朗臣专卖店,汤臣倍健胶原蛋白肽液态饮正品官方旗舰店官网yep小分子粉口服液,198,2000
汤臣倍健众华朗臣专卖店,汤臣倍健蛋白质粉植物营养粉增强老年人官方旗舰店官网正品免疫力,128,2000
天猫超市,北京同仁堂胶原蛋白肽粉液态饮正品口服液鱼小分子饮品官方店旗舰,99,2000
天猫超市,汤臣倍健蛋白质粉增强免疫力中老年成人男女营养蛋白粉官方旗舰品,394,2000
小隆人正品补剂商城,康比特炽金乳清蛋白粉5磅纯乳清蛋白质健身男女增肌补充剂健肌粉,388,2000
远子的补剂铺,ON/奥普帝蒙/欧普特蒙 金牌金标乳清蛋白质粉5磅10磅增肌增重健身,230,2000
中粮保健品旗舰店,拍2发5桶】中粮可益康蛋白质粉成人营养粉乳清植物男女性蛋白粉,188,2000
muscletech官方旗舰店,Muscletech肌肉科技正氮乳清蛋白质粉健身增肌粉官方旗舰店正品男,398,3000
阿里健康大药房,汤臣倍健蛋白粉营养乳清蛋白质粉中老年增强免疫力官方旗舰店正品,308,3000
康比特官方旗舰店,康比特乳清蛋白益生菌增肌粉健身男女蛋白质营养粉官方旗舰蛋白粉,98,3000
康比特体育科技旗舰店,康比特乳清蛋白粉蛋白增肌粉健身男浓缩分离乳清蛋白质官方旗舰店,109,3000
赛霸旗舰店,赛霸肌酸粉300g一水肌酸男女健身增健肌蛋白粉爆发力耐力非氮泵,89,3000
深谷溪田旗舰店,深谷溪田益生菌驼奶蛋白粉中老年儿童成人早餐营养驼奶蛋白质粉,64,3000
天猫超市,Swisse斯维诗乳清蛋白粉固体饮料450g*1罐补充蛋白质香草口味,449,3000
天欣保健食品专营店,ZMR美盾益生菌驼奶中老年蛋白质粉骆驼乳营养粉蛋白粉奶粉,299,3000
康恩贝官方旗舰店,康恩贝金罐 蛋白粉乳清蛋白质粉增强免疫力中老年学生营养保健品,129,4000
六星旗舰店,肌肉科技六星益生菌增肌粉乳清蛋白瘦人增重增肌男健身官方旗舰店,69,4000
赛霸旗舰店,赛霸乳清蛋白粉健身增健肌分离三重乳清蛋白质粉whey官方旗舰店,159,4000
汤臣倍健官方旗舰店,汤臣倍健胶原蛋白肽饮 yep磁感小粉瓶胶原蛋白口服液旗舰店正品,255,4000
muscletech官方旗舰店,肌肉科技白金乳清蛋白粉健身增肌粉分离乳清蛋白质粉官方旗舰店,258,5000
Myprotein海外旗舰店,11磅乳清 Myprotein熊猫乳清蛋白质粉健身男女蛋白增健肌粉营养粉,620,5000
ON奥普帝蒙旗舰店,ON奥普帝蒙 金标乳清蛋白质粉健身WHEY蛋白粉 5磅,508,5000
Myprotein海外旗舰店,5.5磅乳清 Myprotein熊猫乳清蛋白粉健身增肌蛋白质营养粉健肌粉,380,6000
诺特兰德旗舰,诺特兰德蛋白粉乳清蛋白质粉增肌粉男健身营养粉官方旗舰店正品,89,6000
汤臣倍健官方旗舰店,汤臣倍健蛋白质粉增强免疫力中老年成人男女营养保健品官方旗舰店,328,6000
雅培特医营养品旗舰店,雅培全安素特医全营养配方粉含蛋白质粉肠内营养粉900g官方旗舰店,268,6000
muscletech官方旗舰店,Muscletech肌肉科技白金增肌粉乳清蛋白质粉健身瘦人增肌增重健肌,258,7000
康比特官方旗舰店,康比特分离乳清蛋白蛋白粉增肌粉蛋白质粉低脂增肌增重官方旗舰店,288,7000
诺特兰德冠瑞特专卖店,诺特兰德TG增肌粉乳清蛋白质粉瘦人健身增肌营养粉重健肌粉男正品,59,7000
汤臣倍健佰健专卖店,汤臣倍健蛋白粉营养蛋白质粉增强免疫力老年人女性官方旗舰店正品,298,7000
Myprotein海外旗舰店,2.2磅乳清 Myprotein熊猫蛋白粉增健肌粉乳清蛋白质粉营养粉健身,210,8000
阿里健康大药房,同仁堂胶原蛋白液态饮正品口服液紧致燕窝肽粉饮品官方旗舰店官网,99,8000
muscletech官方旗舰店,肌肉科技六星益生菌增肌粉瘦人增重增肌乳清蛋白质粉男官方旗舰店,69,9000
swisse官方旗舰店,Swisse斯维诗乳清蛋白质粉中老年免疫力男女成人蛋白营养粉旗舰店,339,9000
诺特兰德冠瑞特专卖店,诺特兰德乳清蛋白质粉分离乳清增肌粉健身男蛋白粉官方旗舰店,200,10000
汤臣倍健官方旗舰店,汤臣倍健蛋白粉增强免疫力中老年人成人男女蛋白质营养官方旗舰店,318,10000
天猫超市,Swisse斯维诗水光粉透明质酸钠胶原蛋白肽血橙7包玻尿酸补充胶原,78,10000
天猫超市,汤臣倍健蛋白质粉增强免疫力中老年人免疫球蛋白营养礼盒官方旗舰,414,10000
天猫超市,汤臣倍健胶原蛋白肽液态饮正品官方店旗舰肽粉口服液小分子饮7袋,149,10000
阿里健康大药房,同仁堂蛋白粉中老年人女性营养蛋白质粉增强免疫力官方旗舰店正品,69,20000
康比特体育科技旗舰店,康比特益生菌增肌粉瘦人增重增肌乳清蛋白质粉健肌身男官方旗舰店,79,20000
